game_id,date_time_utc,status_detail,home_team_name,home_score,away_team_name,away_score,season_year,status_state,period,clock
6505938,11/04/2025,F,UMBC,74.0,Penn St.-York,53.0,2026,,,
6502236,11/04/2025,F,Purdue,82.0,Evansville,51.0,2026,,,
6501620,11/04/2025,F,East Carolina,92.0,Ga. Southern,89.0,2026,,,
6502040,11/04/2025,F,West Virginia,70.0,Mount St. Mary's,54.0,2026,,,
6502206,11/04/2025,F,Fordham,61.0,NJIT,72.0,2026,,,
6502323,11/04/2025,F,Florida St.,108.0,Alcorn,76.0,2026,,,
6502682,11/04/2025,F,Kentucky,77.0,Nicholls,51.0,2026,,,
6502950,11/04/2025,F,SIUE,119.0,East-West U.,50.0,2026,,,
6503005,11/04/2025,F,ETSU,102.0,Converse,50.0,2026,,,
6504681,11/04/2025,F,Monmouth,96.0,Caldwell,68.0,2026,,,
6505959,11/04/2025,F,Manhattan,125.0,St. Joseph's (Brkln),59.0,2026,,,
6506116,11/04/2025,F,South Carolina,91.0,N.C. A&T,72.0,2026,,,
6530731,11/04/2025,F,Sacred Heart,103.0,Merchant Marine,46.0,2026,,,
6501622,11/04/2025,F,Wichita St.,75.0,UNC Asheville,58.0,2026,,,
6501036,11/04/2025,F,Texas Tech,98.0,Lindenwood,60.0,2026,,,
6502064,11/04/2025,F,Little Rock,92.0,Ark. Baptist,63.0,2026,,,
6503358,11/04/2025,F,Kansas St.,93.0,UNC Greensboro,64.0,2026,,,
6503695,11/04/2025,F,Valparaiso,66.0,Eastern Ill.,63.0,2026,,,
6503953,11/04/2025,F,Oklahoma St.,95.0,Oral Roberts,71.0,2026,,,
6504955,11/04/2025,F,Missouri St.,88.0,Mo. Southern St.,70.0,2026,,,
6505804,11/04/2025,F,Utah Valley,116.0,West Coast Baptist,35.0,2026,,,
6505819,11/04/2025,F,Rice,109.0,Biblical Stud. (TX),38.0,2026,,,
6503225,11/04/2025,F,Iowa,101.0,Robert Morris,69.0,2026,,,
6502857,11/04/2025,F,Duke,75.0,Texas,60.0,2026,,,
6502283,11/04/2025,F,UC Santa Barbara,98.0,San Fran. St.,67.0,2026,,,
6505216,11/04/2025,F,Arizona St.,81.0,Southern Utah,64.0,2026,,,
6530633,11/04/2025,F,New Mexico St.,83.0,Adams St.,72.0,2026,,,
6531608,11/04/2025,F,San Diego,88.0,Occidental,59.0,2026,,,
6501005,11/04/2025,F,Idaho St.,81.0,Park (AZ),71.0,2026,,,
6501668,11/04/2025,F,San Diego St.,77.0,Long Beach St.,45.0,2026,,,
6502535,11/04/2025,F,UNLV,81.0,UT Martin,86.0,2026,,,
6502714,11/04/2025,F,Sacramento St.,103.0,Dominican (CA),79.0,2026,,,
6502722,11/04/2025,F,Stanford,89.0,Portland St.,79.0,2026,,,
6503662,11/04/2025,F,Nevada,77.0,Louisiana Tech,50.0,2026,,,
6506392,11/04/2025,F,Santa Clara,83.0,Cal Poly Humboldt,53.0,2026,,,
6503321,11/04/2025,F,Oregon,60.0,Hawaii,59.0,2026,,,
6502281,11/05/2025,F,Middle Tenn.,100.0,Milligan,51.0,2026,,,
6504778,11/05/2025,F,Rutgers,81.0,Rider,53.0,2026,,,
6505088,11/05/2025,F,Presbyterian,105.0,Bluefield Univ.,76.0,2026,,,
6502270,11/05/2025,F,Binghamton,66.0,RIT,56.0,2026,,,
6501097,11/05/2025,F,La Salle,87.0,Coppin St.,59.0,2026,,,
6502014,11/05/2025,F,App State,92.0,CarolinaU,46.0,2026,,,
6502141,11/05/2025,F,Butler,88.0,Southern Ind.,58.0,2026,,,
6502900,11/05/2025,F,Temple,83.0,Delaware St.,65.0,2026,,,
6503269,11/05/2025,F,Norfolk St.,119.0,Regent,55.0,2026,,,
6504047,11/05/2025,F,Vermont,113.0,Plattsburgh St.,62.0,2026,,,
6504072,11/05/2025,F,James Madison,70.0,Wash. & Lee,56.0,2026,,,
6504529,11/05/2025,F,Richmond,84.0,Southern Va.,56.0,2026,,,
6504541,11/05/2025,F,Lafayette,79.0,Dickinson,44.0,2026,,,
6504677,11/05/2025,F,Elon,99.0,Belmont Abbey,51.0,2026,,,
6505917,11/05/2025,F,Mississippi Val.,97.0,MUW,61.0,2026,,,
6506239,11/05/2025,F,Queens (NC),87.0,Lynchburg,76.0,2026,,,
6506421,11/05/2025,F,Georgia,94.0,UMES,29.0,2026,,,
6530714,11/05/2025,F,UTSA,97.0,Biblical Stud. (TX),30.0,2026,,,
6531610,11/05/2025,F,Prairie View,94.0,Dallas,53.0,2026,,,
6531631,11/05/2025,F,Mercer,101.0,LaGrange,62.0,2026,,,
6501066,11/05/2025,F,Indiana,98.0,Alabama A&M,51.0,2026,,,
6501928,11/05/2025,F,LSU,96.0,Tarleton St.,60.0,2026,,,
6502493,11/05/2025,F,Marquette,100.0,Southern U.,82.0,2026,,,
6502697,11/05/2025,F,Texas St.,114.0,TAMU-San Antonio,55.0,2026,,,
6505129,11/05/2025,F,Creighton,92.0,South Dakota,76.0,2026,,,
6501250,11/05/2025,F,Fresno St.,66.0,USC Upstate,67.0,2026,,,
6502766,11/05/2025,F,Utah Tech,110.0,Bethesda (CA),65.0,2026,,,
6503109,11/05/2025,F,Mississippi St.,86.0,North Ala.,62.0,2026,,,
6504684,11/05/2025,F,Montana,73.0,Ottawa (AZ),39.0,2026,,,
6505404,11/05/2025,F,New Mexico,76.0,East Texas A&M,54.0,2026,,,
6505564,11/05/2025,F,Montana St.,114.0,Northwest Indian,44.0,2026,,,
6505836,11/05/2025,F,UC Davis,80.0,North Dakota St.,68.0,2026,,,
6504487,11/05/2025,F,Cal Poly,101.0,Pacific Lutheran,79.0,2026,,,
6504753,11/05/2025,F,Pacific,83.0,LIFE Pacific,56.0,2026,,,
6505988,11/05/2025,F,LMU (CA),70.0,Eastern Wash.,62.0,2026,,,
6529198,11/06/2025,F,Loyola Maryland,96.0,Penn St.-Abington,60.0,2026,,,
6502005,11/06/2025,F,CSU Bakersfield,83.0,Whittier,61.0,2026,,,
6501383,11/06/2025,F,Morgan St.,101.0,Central Penn,77.0,2026,,,
6531649,11/06/2025,F,New Hampshire,113.0,Curry,31.0,2026,,,
6501265,11/06/2025,F,IU Indy,90.0,LIU,94.0,2026,,,
6501060,11/06/2025,F,Lindenwood,116.0,UHSP,51.0,2026,,,
6501408,11/06/2025,F,Miami (FL),101.0,Bethune-Cookman,61.0,2026,,,
6501564,11/06/2025,F,Canisius,84.0,Allegheny,43.0,2026,,,
6502093,11/06/2025,F,Western Mich.,81.0,Northwood,85.0,2026,,,
6502589,11/06/2025,F,West Virginia,73.0,Campbell,65.0,2026,,,
6502847,11/06/2025,F,Indiana St.,104.0,Illinois Tech,73.0,2026,,,
6503341,11/06/2025,F,Louisville,106.0,Jackson St.,70.0,2026,,,
6503510,11/06/2025,F,Quinnipiac,71.0,Central Conn. St.,49.0,2026,,,
6503549,11/06/2025,F,Hampton,103.0,Mid-Atlantic Christ.,43.0,2026,,,
6503793,11/06/2025,F,Ohio,72.0,Illinois St.,68.0,2026,,,
6503959,11/06/2025,F,Boston College,76.0,The Citadel,47.0,2026,,,
6504807,11/06/2025,F,Old Dominion,93.0,Randolph,53.0,2026,,,
6505028,11/06/2025,F,Cleveland St.,71.0,Capital,70.0,2026,,,
6505567,11/06/2025,F,Howard,103.0,Dist. Columbia,71.0,2026,,,
6505630,11/06/2025,F,Xavier,74.0,Le Moyne,69.0,2026,,,
6506051,11/06/2025,F,Lehigh,91.0,Valley Forge,52.0,2026,,,
6506449,11/06/2025,F,Bowling Green,120.0,Bethany (WV),65.0,2026,,,
6532002,11/06/2025,F,Charleston So.,106.0,Toccoa Falls,71.0,2026,,,
6501899,11/06/2025,F,Drake,79.0,Robert Morris,81.0,2026,,,
6501971,11/06/2025,F,Southern Miss.,93.0,Tougaloo,57.0,2026,,,
6502390,11/06/2025,F,Florida,104.0,North Florida,64.0,2026,,,
6502426,11/06/2025,F,Abilene Christian,73.0,Omaha,71.0,2026,,,
6502453,11/06/2025,F,Jacksonville,132.0,Trinity (FL),45.0,2026,,,
6502536,11/06/2025,F,UNI,86.0,CSUN,57.0,2026,,,
6503165,11/06/2025,F,North Dakota,70.0,UC Riverside,74.0,2026,,,
6503304,11/06/2025,F,SMU,69.0,A&M-Corpus Christi,58.0,2026,,,
6503419,11/06/2025,F,Eastern Ky.,122.0,Midway,60.0,2026,,,
6504331,11/06/2025,F,South Alabama,76.0,Alcorn,70.0,2026,,,
6504394,11/06/2025,F,Iowa St.,102.0,Grambling,62.0,2026,,,
6504575,11/06/2025,F,Saint Louis,108.0,Chicago St.,86.0,2026,,,
6504784,11/06/2025,F,South Dakota St.,68.0,Dakota St.,62.0,2026,,,
6506003,11/06/2025,F,Auburn,95.0,Merrimack,57.0,2026,,,
6530276,11/06/2025,F,North Texas,80.0,Northwestern St.,53.0,2026,,,
6530376,11/06/2025,F,Texas A&M,104.0,Texas Southern,70.0,2026,,,
6530873,11/06/2025,F,TCU,104.0,Saint Francis,63.0,2026,,,
6504412,11/06/2025,F,Loyola Chicago,65.0,Mercyhurst,73.0,2026,,,
6502808,11/06/2025,F,Washington,84.0,Denver,70.0,2026,,,
6503211,11/06/2025,F,California,77.0,Wright St.,67.0,2026,,,
6505228,11/06/2025,F,Portland,83.0,Ark.-Pine Bluff,74.0,2026,,,
6504314,11/07/2025,F,Delaware,62.0,Wilmington (DE),71.0,2026,,,
6530936,11/07/2025,F,Evansville,92.0,Calumet Col.,50.0,2026,,,
6501754,11/07/2025,F,New Haven,53.0,Columbia,71.0,2026,,,
6502988,11/07/2025,F,UTSA,60.0,SIUE,77.0,2026,,,
6531802,11/07/2025,F,UIW,104.0,Jarvis Christian,60.0,2026,,,
6501147,11/07/2025,F,Harvard,79.0,MIT,50.0,2026,,,
6502912,11/07/2025,F,Colgate,65.0,Northeastern,68.0,2026,,,
6502288,11/07/2025,F,Liberty,90.0,Col. of Charleston,75.0,2026,,,
6503709,11/07/2025,F,Maryland,60.0,Georgetown,70.0,2026,,,
6505319,11/07/2025,F,Rhode Island,65.0,Tulsa,82.0,2026,,,
6505442,11/07/2025,F,Northwestern,76.0,Boston U.,52.0,2026,,,
6501694,11/07/2025,F,Buffalo,83.0,Green Bay,76.0,2026,,,
6505061,11/07/2025,F,Ohio St.,94.0,Purdue Fort Wayne,68.0,2026,,,
6501224,11/07/2025,F,Brown,46.0,Siena,62.0,2026,,,
6501339,11/07/2025,F,Florida St.,101.0,Alabama St.,64.0,2026,,,
6501500,11/07/2025,F,Notre Dame,102.0,Detroit Mercy,70.0,2026,,,
6501513,11/07/2025,F,North Carolina,87.0,Kansas,74.0,2026,,,
6501523,11/07/2025,F,Mount St. Mary's,62.0,Bucknell,73.0,2026,,,
6501742,11/07/2025,F,Virginia,81.0,N.C. Central,62.0,2026,,,
6501976,11/07/2025,F,Iona,81.0,Hofstra,73.0,2026,,,
6502130,11/07/2025,F,Purdue,87.0,Oakland,77.0,2026,,,
6502514,11/07/2025,F,Wake Forest,81.0,Morehead St.,65.0,2026,,,
6502685,11/07/2025,F,Kentucky,107.0,Valparaiso,59.0,2026,,,
6502920,11/07/2025,F,Clemson,97.0,Gardner-Webb,59.0,2026,,,
6503055,11/07/2025,F,Ball St.,84.0,Mansfield,54.0,2026,,,
6503226,11/07/2025,F,Iowa,77.0,Western Ill.,58.0,2026,,,
6503422,11/07/2025,F,Furman,61.0,Troy,64.0,2026,,,
6503537,11/07/2025,F,Cincinnati,74.0,Georgia St.,64.0,2026,,,
6503690,11/07/2025,F,Penn,119.0,Rowan,72.0,2026,,,
6504143,11/07/2025,F,Coastal Carolina,121.0,Virginia-Lynchburg,44.0,2026,,,
6504266,11/07/2025,F,Pittsburgh,78.0,Longwood,60.0,2026,,,
6504448,11/07/2025,F,Radford,99.0,West Va. Wesleyan,61.0,2026,,,
6504936,11/07/2025,F,SFA,90.0,Arkansas St.,65.0,2026,,,
6505193,11/07/2025,F,Kent St.,110.0,Cornell,102.0,2026,,,
6505360,11/07/2025,F,North Ala.,90.0,Lane,84.0,2026,,,
6505426,11/07/2025,F,Charlotte,70.0,Tennessee Tech,65.0,2026,,,
6505550,11/07/2025,F,West Ga.,120.0,Huntingdon,83.0,2026,,,
6506165,11/07/2025,F,Davidson,85.0,Washington St.,69.0,2026,,,
6506430,11/07/2025,F,Stetson,106.0,Fort Lauderdale,77.0,2026,,,
6506439,11/07/2025,F,George Mason,96.0,Winthrop,90.0,2026,,,
6530761,11/07/2025,F,Duquesne,92.0,Sacred Heart,80.0,2026,,,
6501642,11/07/2025,F,UConn,110.0,UMass Lowell,47.0,2026,,,
6502207,11/07/2025,F,Fordham,106.0,Mt. St. Mary (NY),37.0,2026,,,
6503374,11/07/2025,F,Georgia Tech,74.0,Bryant,45.0,2026,,,
6504507,11/07/2025,F,Ole Miss,86.0,ULM,65.0,2026,,,
6506092,11/07/2025,F,Seton Hall,68.0,Wagner,61.0,2026,,,
6506203,11/07/2025,F,Miami (OH),129.0,Trinity Christian,49.0,2026,,,
6502823,11/07/2025,F,Northern Ariz.,87.0,Justice Col.,55.0,2026,,,
6503697,11/07/2025,F,Eastern Ill.,65.0,Nicholls,57.0,2026,,,
6504842,11/07/2025,F,DePaul,72.0,Stonehill,64.0,2026,,,
6505117,11/07/2025,F,Missouri,89.0,Southeast Mo. St.,84.0,2026,,,
6505138,11/07/2025,F,Northern Colo.,101.0,Colo. Christian,65.0,2026,,,
6505463,11/07/2025,F,Southern Ill.,101.0,Kansas City,78.0,2026,,,
6505847,11/07/2025,F,Utah St.,80.0,VCU,77.0,2026,,,
6505863,11/07/2025,F,Murray St.,108.0,Mississippi Val.,60.0,2026,,,
6505930,11/07/2025,F,Texas Tech,98.0,Sam Houston,77.0,2026,,,
6501061,11/07/2025,F,Navy,68.0,Yale,97.0,2026,,,
6502143,11/07/2025,F,Southern Ind.,74.0,VMI,78.0,2026,,,
6502185,11/07/2025,F,Illinois,113.0,FGCU,70.0,2026,,,
6503841,11/07/2025,F,Louisiana,58.0,Southeastern La.,52.0,2026,,,
6505669,11/07/2025,F,Wisconsin,97.0,NIU,72.0,2026,,,
6531168,11/07/2025,F,Samford,82.0,South Carolina St.,72.0,2026,,,
6501006,11/07/2025,F,San Diego,68.0,Idaho St.,71.0,2026,,,
6501491,11/07/2025,F,Grand Canyon,81.0,Youngstown St.,90.0,2026,,,
6503476,11/07/2025,F,Arizona,93.0,Utah Tech,67.0,2026,,,
6503648,11/07/2025,F,NC State,94.0,UAB,70.0,2026,,,
6505312,11/07/2025,F,UTEP,107.0,Western N.M.,70.0,2026,,,
6506139,11/07/2025,F,Idaho,94.0,Whitman,49.0,2026,,,
6502716,11/07/2025,F,Sacramento St.,86.0,Jessup ,76.0,2026,,,
6502724,11/07/2025,F,Portland St.,122.0,Northwest Indian,74.0,2026,,,
6503546,11/07/2025,F,Oregon St.,76.0,UIC,73.0,2026,,,
6503608,11/07/2025,F,Oregon,67.0,Rice,63.0,2026,,,
6506393,11/07/2025,F,Santa Clara,79.0,McNeese,67.0,2026,,,
6500994,11/07/2025,F,UCLA,74.0,Pepperdine,63.0,2026,,,
6501459,11/07/2025,F,UC Irvine,61.0,California Baptist,69.0,2026,,,
6504764,11/07/2025,F,Saint Mary's (CA),87.0,Chattanooga,66.0,2026,,,
6501251,11/08/2025,F,USC Upstate,105.0,Southern Va.,46.0,2026,,,
6501650,11/08/2025,F,St. John's (NY),96.0,Alabama,103.0,2026,,,
6501735,11/08/2025,F,Akron,104.0,Princeton,69.0,2026,,,
6504336,11/08/2025,F,Minnesota,95.0,Alcorn,50.0,2026,,,
6501525,11/08/2025,F,Saint Joseph's,76.0,Drexel,65.0,2026,,,
6501833,11/08/2025,F,New Haven,43.0,Penn St.,87.0,2026,,,
6503543,11/08/2025,F,Syracuse,83.0,Delaware St.,43.0,2026,,,
6505106,11/08/2025,F,Florida A&M,72.0,Kennesaw St.,92.0,2026,,,
6505729,11/08/2025,F,Nebraska,96.0,FIU,66.0,2026,,,
6501704,11/08/2025,F,South Fla.,95.0,George Washington,99.0,2026,,,
6503910,11/08/2025,F,Duke,95.0,Western Caro.,54.0,2026,,,
6501823,11/08/2025,F,Tulane,79.0,Texas St.,71.0,2026,,,
6501910,11/08/2025,F,Toledo,73.0,Marshall,85.0,2026,,,
6502271,11/08/2025,F,Dayton,77.0,UMBC,71.0,2026,,,
6502326,11/08/2025,F,Wofford,86.0,Milwaukee,76.0,2026,,,
6504048,11/08/2025,F,Binghamton,59.0,Niagara,67.0,2026,,,
6504096,11/08/2025,F,NJIT,53.0,Fairfield,74.0,2026,,,
6505391,11/08/2025,F,Saint Peter's,93.0,FDU,83.0,2026,,,
6529486,11/08/2025,F,Central Ark.,110.0,Champion Chris.,63.0,2026,,,
6502555,11/08/2025,F,Houston,65.0,Towson,48.0,2026,,,
6502858,11/08/2025,F,Texas,97.0,Lafayette,60.0,2026,,,
6503837,11/08/2025,F,Memphis,76.0,San Francisco,70.0,2026,,,
6504180,11/08/2025,F,Ga. Southern,93.0,UNC Asheville,90.0,2026,,,
6505173,11/08/2025,F,Tennessee,95.0,Northern Ky.,56.0,2026,,,
6531370,11/08/2025,F,Mercyhurst,94.0,Penn St.-New Kens.,43.0,2026,,,
6504682,11/08/2025,F,La Salle,73.0,Monmouth,60.0,2026,,,
6501280,11/08/2025,F,Wyoming,92.0,Cal St. Fullerton,82.0,2026,,,
6501311,11/08/2025,F,Providence,101.0,Virginia Tech,107.0,2026,,,
6501565,11/08/2025,F,St. Bonaventure,89.0,Canisius,70.0,2026,,,
6502285,11/08/2025,F,UC Santa Barbara,85.0,San Jose St.,74.0,2026,,,
6502347,11/08/2025,F,Air Force,54.0,Austin Peay,74.0,2026,,,
6503103,11/08/2025,F,Boise St.,101.0,Utah Valley,77.0,2026,,,
6503270,11/08/2025,F,Norfolk St.,78.0,William & Mary,81.0,2026,,,
6503357,11/08/2025,F,South Alabama,99.0,Spring Hill,50.0,2026,,,
6503979,11/08/2025,F,UCF,93.0,Vanderbilt,105.0,2026,,,
6504678,11/08/2025,F,UNC Greensboro,90.0,Elon,92.0,2026,,,
6504685,11/08/2025,F,Stanford,91.0,Montana,68.0,2026,,,
6505119,11/08/2025,F,Colorado,102.0,Eastern Wash.,97.0,2026,,,
6505280,11/08/2025,F,New Mexico,74.0,UT Arlington,56.0,2026,,,
6532246,11/08/2025,F,UMES,104.0,Cheyney,59.0,2026,,,
6501186,11/08/2025,F,Stony Brook,71.0,Maine,60.0,2026,,,
6501669,11/08/2025,F,Fresno St.,82.0,Long Beach St.,62.0,2026,,,
6501775,11/08/2025,F,Butler,112.0,IU Indy,80.0,2026,,,
6501885,11/08/2025,F,High Point,127.0,Averett,52.0,2026,,,
6503007,11/08/2025,F,Presbyterian,68.0,ETSU,64.0,2026,,,
6503455,11/08/2025,F,Fla. Atlantic,94.0,Col. of Charleston,77.0,2026,,,
6504530,11/08/2025,F,Richmond,87.0,East Carolina,72.0,2026,,,
6505481,11/08/2025,F,Massachusetts,83.0,UAlbany,62.0,2026,,,
6501623,11/08/2025,F,Wichita St.,105.0,Prairie View,62.0,2026,,,
6501929,11/08/2025,F,Tarleton St.,85.0,A&M-Corpus Christi,77.0,2026,,,
6503427,11/08/2025,F,Utah,92.0,Weber St.,89.0,2026,,,
6504093,11/08/2025,F,Michigan St.,69.0,Arkansas,66.0,2026,,,
6505007,11/08/2025,F,Villanova,94.0,Queens (NC),74.0,2026,,,
6502282,11/08/2025,F,Middle Tenn.,109.0,Webster,56.0,2026,,,
6501368,11/08/2025,F,Bradley,85.0,Central Mich.,54.0,2026,,,
6502717,11/08/2025,F,Missouri St.,106.0,Northwestern Okla.,57.0,2026,,,
6503359,11/08/2025,F,Kansas St.,98.0,Bellarmine,71.0,2026,,,
6504217,11/08/2025,F,Oral Roberts,84.0,John Brown,50.0,2026,,,
6505638,11/08/2025,F,Belmont,87.0,Tennessee St.,79.0,2026,,,
6506271,11/08/2025,F,St. Thomas (MN),83.0,Army West Point,76.0,2026,,,
6505217,11/08/2025,F,Southern Utah,72.0,UTRGV,95.0,2026,,,
6501214,11/08/2025,F,BYU,98.0,Holy Cross,53.0,2026,,,
6504765,11/08/2025,F,UNLV,101.0,Chattanooga,69.0,2026,,,
6506077,11/08/2025,F,LMU (CA),94.0,Ark.-Pine Bluff,72.0,2026,,,
6502117,11/08/2025,F,UC San Diego,78.0,Houston Christian,60.0,2026,,,
6505200,11/08/2025,F,Seattle U,71.0,Cal Poly,73.0,2026,,,
6530855,11/08/2025,F,Nevada,78.0,Pacific,77.0,2026,,,
6501175,11/08/2025,F,Gonzaga,83.0,Oklahoma,68.0,2026,,,
6501148,11/09/2025,F,Harvard,86.0,New Hampshire,75.0,2026,,,
6502094,11/09/2025,F,Campbell,91.0,Western Mich.,82.0,2026,,,
6501098,11/09/2025,F,James Madison,84.0,Coppin St.,70.0,2026,,,
6501743,11/09/2025,F,App State,76.0,N.C. Central,54.0,2026,,,
6502517,11/09/2025,F,Indiana,100.0,Marquette,77.0,2026,,,
6503247,11/09/2025,F,American,84.0,Penn,78.0,2026,,,
6501225,11/09/2025,F,Brown,84.0,Vermont,89.0,2026,,,
6502545,11/09/2025,F,UNI,65.0,South Dakota St.,58.0,2026,,,
6502770,11/09/2025,F,North Dakota,85.0,CSUN,93.0,2026,,,
6503952,11/09/2025,F,Oklahoma St.,87.0,Texas A&M,63.0,2026,,,
6505062,11/09/2025,F,Purdue Fort Wayne,137.0,Dominican (IL),56.0,2026,,,
6505660,11/09/2025,F,Illinois St.,76.0,Cornell,65.0,2026,,,
6506267,11/09/2025,F,South Dakota,121.0,Ozark Christian,65.0,2026,,,
6506361,11/09/2025,F,Dartmouth,56.0,Marist,75.0,2026,,,
6506368,11/09/2025,F,Georgia,120.0,Morehead St.,81.0,2026,,,
6530206,11/09/2025,F,Mercer,92.0,Lipscomb,77.0,2026,,,
6530690,11/09/2025,F,Bowling Green,83.0,Le Moyne,60.0,2026,,,
6502599,11/09/2025,F,West Virginia,69.0,Lehigh,47.0,2026,,,
6502809,11/09/2025,F,Montana St.,73.0,Denver,75.0,2026,,,
6503477,11/09/2025,F,Arizona St.,81.0,Utah Tech,66.0,2026,,,
6503663,11/09/2025,F,Louisiana Tech,93.0,Lyon,35.0,2026,,,
6530937,11/09/2025,F,Evansville,76.0,Oakland City,47.0,2026,,,
6503753,11/09/2025,F,Missouri,106.0,VMI,68.0,2026,,,
6501007,11/09/2025,F,San Diego St.,73.0,Idaho St.,57.0,2026,,,
6504415,11/09/2025,F,North Texas,64.0,Loyola Chicago,62.0,2026,,,
6505229,11/09/2025,F,Portland,67.0,UC Davis,63.0,2026,,,
6502291,11/09/2025,F,Liberty,88.0,Fla. Atlantic,68.0,2026,,,
6504527,11/09/2025,F,Colorado St.,97.0,Omaha,74.0,2026,,,
6505489,11/09/2025,F,Southern California,114.0,Manhattan,83.0,2026,,,
6505569,11/09/2025,F,Howard,70.0,Grambling,73.0,2026,,,
6505995,11/09/2025,F,South Carolina,83.0,Southern Miss.,79.0,2026,,,
6502540,11/09/2025,F,UT Martin,97.0,Ky. Christian,42.0,2026,,,
6504376,11/09/2025,F,Baylor,78.0,Washington,69.0,2026,,,
6503322,11/10/2025,F,Hawaii,100.0,East Texas A&M,74.0,2026,,,
6502877,11/10/2025,F,Hofstra,95.0,Molloy,61.0,2026,,,
6502590,11/10/2025,F,Green Bay,83.0,Ripon,63.0,2026,,,
6505700,11/10/2025,F,Jacksonville St.,114.0,Reinhardt,39.0,2026,,,
6506344,11/10/2025,F,Southern U.,115.0,Ecclesia,51.0,2026,,,
6501834,11/10/2025,F,UMass Lowell,67.0,New Haven,73.0,2026,,,
6501643,11/10/2025,F,UConn,89.0,Columbia,62.0,2026,,,
6502518,11/10/2025,F,Youngstown St.,115.0,Penn St.-Shenango,53.0,2026,,,
6504639,11/10/2025,F,Furman,89.0,Columbia Int'l,59.0,2026,,,
6504782,11/10/2025,F,Rutgers,72.0,Maine,60.0,2026,,,
6505294,11/10/2025,F,Niagara,68.0,Delaware St.,57.0,2026,,,
6501588,11/10/2025,F,Kent St.,86.0,UNCW,77.0,2026,,,
6501857,11/10/2025,F,Pittsburgh,78.0,Eastern Mich.,66.0,2026,,,
6502245,11/10/2025,F,Eastern Ky.,79.0,Western Ky.,87.0,2026,,,
6502848,11/10/2025,F,SIUE,55.0,Indiana St.,64.0,2026,,,
6503538,11/10/2025,F,Georgia St.,61.0,Presbyterian,63.0,2026,,,
6504099,11/10/2025,F,Seton Hall,82.0,Fairfield,59.0,2026,,,
6504218,11/10/2025,F,Miami (FL),102.0,Stetson,61.0,2026,,,
6506076,11/10/2025,F,The Citadel,86.0,Charleston So.,96.0,2026,,,
6506115,11/10/2025,F,N.C. A&T,85.0,South Carolina St.,62.0,2026,,,
6530526,11/10/2025,F,Tennessee Tech,118.0,Virginia-Lynchburg,58.0,2026,,,
6532530,11/10/2025,F,Robert Morris,93.0,Geneva,47.0,2026,,,
6533025,11/10/2025,F,Gardner-Webb,81.0,North Greenville,92.0,2026,,,
6501900,11/10/2025,F,Drake,89.0,Simpson,51.0,2026,,,
6529568,11/10/2025,F,ULM,88.0,Rust,55.0,2026,,,
6530389,11/10/2025,F,McNeese,132.0,Biblical Stud. (TX),50.0,2026,,,
6501037,11/10/2025,F,Saint Louis,109.0,Lindenwood,66.0,2026,,,
6502065,11/10/2025,F,Milwaukee,92.0,Little Rock,72.0,2026,,,
6503117,11/10/2025,F,Iowa St.,96.0,Mississippi St.,80.0,2026,,,
6503762,11/10/2025,F,LSU,93.0,New Orleans,58.0,2026,,,
6503894,11/10/2025,F,TCU,78.0,Lamar University,65.0,2026,,,
6505282,11/10/2025,F,UT Arlington,117.0,Arlington Baptist,61.0,2026,,,
6505029,11/10/2025,F,Northwestern,110.0,Cleveland St.,63.0,2026,,,
6505632,11/10/2025,F,Xavier,68.0,Santa Clara,87.0,2026,,,
6501492,11/10/2025,F,Grand Canyon,88.0,NIU,59.0,2026,,,
6503430,11/10/2025,F,Utah,87.0,Holy Cross,69.0,2026,,,
6504610,11/10/2025,F,Georgia Tech,70.0,Southeastern La.,60.0,2026,,,
6506166,11/10/2025,F,Washington St.,81.0,St. Thomas (MN),71.0,2026,,,
6501281,11/10/2025,F,California,93.0,Cal St. Fullerton,65.0,2026,,,
6504025,11/10/2025,F,UC Irvine,130.0,Lincoln (CA),63.0,2026,,,
6504659,11/10/2025,F,UCLA,83.0,West Ga.,62.0,2026,,,
6501776,11/11/2025,F,IU Indy,121.0,IU Columbus,77.0,2026,,,
6501977,11/11/2025,F,Kansas City,91.0,Iona,105.0,2026,,,
6501267,11/11/2025,F,Air Force,72.0,LIU,76.0,2026,,,
6502430,11/11/2025,F,Abilene Christian,104.0,S'western Adventist,63.0,2026,,,
6501381,11/11/2025,F,Morgan St.,79.0,UMBC,81.0,2026,,,
6501409,11/11/2025,F,Bethune-Cookman,101.0,Coastal Ga.,60.0,2026,,,
6531803,11/11/2025,F,UIW,109.0,Southwestern Christ.,70.0,2026,,,
6502015,11/11/2025,F,Ohio St.,75.0,App State,53.0,2026,,,
6502521,11/11/2025,F,Michigan,85.0,Wake Forest,84.0,2026,,,
6503011,11/11/2025,F,Penn St.,80.0,Navy,71.0,2026,,,
6504720,11/11/2025,F,UAlbany,115.0,SUNY Delhi,52.0,2026,,,
6505480,11/11/2025,F,UNC Asheville,69.0,Lipscomb,64.0,2026,,,
6501187,11/11/2025,F,Stony Brook,107.0,St. Joseph's (L.I.),43.0,2026,,,
6501149,11/11/2025,F,Harvard,60.0,Northeastern,77.0,2026,,,
6501204,11/11/2025,F,Army West Point,59.0,Duke,114.0,2026,,,
6501886,11/11/2025,F,High Point,85.0,Jacksonville,64.0,2026,,,
6502041,11/11/2025,F,Saint Francis,66.0,Mount St. Mary's,74.0,2026,,,
6502186,11/11/2025,F,FGCU,94.0,Ga. Southern,95.0,2026,,,
6502208,11/11/2025,F,Fordham,63.0,Wagner,61.0,2026,,,
6502272,11/11/2025,F,Cincinnati,74.0,Dayton,62.0,2026,,,
6502317,11/11/2025,F,Princeton,73.0,Bucknell,63.0,2026,,,
6502473,11/11/2025,F,Florida,78.0,Florida St.,76.0,2026,,,
6502901,11/11/2025,F,Temple,90.0,La Salle,63.0,2026,,,
6502913,11/11/2025,F,Colgate,90.0,Drexel,83.0,2026,,,
6502921,11/11/2025,F,Clemson,83.0,Morehead St.,56.0,2026,,,
6502997,11/11/2025,F,North Carolina,89.0,Radford,74.0,2026,,,
6503092,11/11/2025,F,Providence,106.0,Penn,81.0,2026,,,
6503271,11/11/2025,F,Old Dominion,60.0,Norfolk St.,57.0,2026,,,
6503362,11/11/2025,F,Butler,98.0,Chicago St.,66.0,2026,,,
6503423,11/11/2025,F,Troy,121.0,Pensacola Christian,56.0,2026,,,
6503511,11/11/2025,F,Boston College,59.0,Central Conn. St.,60.0,2026,,,
6503711,11/11/2025,F,Maryland,84.0,Alcorn,64.0,2026,,,
6503980,11/11/2025,F,UCF,97.0,Florida A&M,60.0,2026,,,
6504142,11/11/2025,F,Coastal Carolina,72.0,Winthrop,66.0,2026,,,
6504261,11/11/2025,F,Loyola Maryland,64.0,NJIT,66.0,2026,,,
6504531,11/11/2025,F,Richmond,90.0,William & Mary,86.0,2026,,,
6504846,11/11/2025,F,Rhode Island,80.0,Stonehill,57.0,2026,,,
6505009,11/11/2025,F,Villanova,94.0,Sacred Heart,60.0,2026,,,
6505361,11/11/2025,F,North Ala.,87.0,Northwestern St.,83.0,2026,,,
6505427,11/11/2025,F,Charlotte,55.0,Davidson,62.0,2026,,,
6505601,11/11/2025,F,Wright St.,71.0,Toledo,81.0,2026,,,
6506308,11/11/2025,F,Detroit Mercy,92.0,Cleary,54.0,2026,,,
6531063,11/11/2025,F,George Mason,86.0,Catawba,62.0,2026,,,
6501062,11/11/2025,F,Quinnipiac,60.0,Yale,97.0,2026,,,
6501340,11/11/2025,F,UAB,74.0,Alabama St.,77.0,2026,,,
6501501,11/11/2025,F,Notre Dame,78.0,Eastern Ill.,58.0,2026,,,
6530278,11/11/2025,F,Towson,101.0,Wilson,62.0,2026,,,
6501332,11/11/2025,F,SMU,102.0,Murray St.,91.0,2026,,,
6501695,11/11/2025,F,DePaul,53.0,Buffalo,66.0,2026,,,
6501824,11/11/2025,F,Louisiana,62.0,Tulane,66.0,2026,,,
6501937,11/11/2025,F,Tarleton St.,76.0,Merrimack,62.0,2026,,,
6502329,11/11/2025,F,Auburn,93.0,Wofford,62.0,2026,,,
6502686,11/11/2025,F,Louisville,96.0,Kentucky,88.0,2026,,,
6502772,11/11/2025,F,North Dakota St.,90.0,CSUN,68.0,2026,,,
6503166,11/11/2025,F,North Dakota,128.0,Mayville St.,58.0,2026,,,
6503556,11/11/2025,F,UIC,98.0,St. Francis (IL),55.0,2026,,,
6504094,11/11/2025,F,Arkansas,93.0,Central Ark.,56.0,2026,,,
6504937,11/11/2025,F,Missouri St.,85.0,Arkansas St.,86.0,2026,,,
6505730,11/11/2025,F,Nebraska,69.0,UMES,50.0,2026,,,
6505820,11/11/2025,F,Rice,69.0,SFA,81.0,2026,,,
6505952,11/11/2025,F,Tennessee St.,114.0,Oakwood,76.0,2026,,,
6506240,11/11/2025,F,Duquesne,87.0,Queens (NC),81.0,2026,,,
6529265,11/11/2025,F,Kansas,77.0,A&M-Corpus Christi,46.0,2026,,,
6530221,11/11/2025,F,Oklahoma,95.0,Ark.-Pine Bluff,69.0,2026,,,
6504843,11/11/2025,F,Wisconsin,86.0,Ball St.,55.0,2026,,,
6505218,11/11/2025,F,Southern Utah,118.0,Bethesda (CA),60.0,2026,,,
6505537,11/11/2025,F,Wyoming,79.0,Austin Peay,65.0,2026,,,
6505931,11/11/2025,F,Illinois,81.0,Texas Tech,77.0,2026,,,
6501215,11/11/2025,F,BYU,85.0,Delaware,68.0,2026,,,
6502457,11/11/2025,F,Virginia,91.0,Hampton,53.0,2026,,,
6502821,11/11/2025,F,Arizona,84.0,Northern Ariz.,49.0,2026,,,
6503105,11/11/2025,F,Boise St.,85.0,UTRGV,65.0,2026,,,
6503902,11/11/2025,F,New Mexico,82.0,UC Riverside,68.0,2026,,,
6504508,11/11/2025,F,Ole Miss,83.0,Memphis,77.0,2026,,,
6504758,11/11/2025,F,Pepperdine,113.0,Lincoln (CA),76.0,2026,,,
6505313,11/11/2025,F,UTEP,58.0,LMU (CA),71.0,2026,,,
6502006,11/11/2025,F,CSU Bakersfield,74.0,Western Ill.,58.0,2026,,,
6530634,11/11/2025,F,New Mexico St.,74.0,N.M. Highlands,58.0,2026,,,
6501177,11/11/2025,F,Gonzaga,90.0,Creighton,63.0,2026,,,
6502289,11/11/2025,F,Sacramento St.,87.0,UC Santa Barbara,92.0,2026,,,
6503794,11/11/2025,F,Saint Mary's (CA),90.0,Ohio,60.0,2026,,,
6504688,11/11/2025,F,UNLV,93.0,Montana,102.0,2026,,,
6503754,11/12/2025,F,VMI,106.0,Virginia-Lynchburg,54.0,2026,,,
6504049,11/12/2025,F,Georgetown,83.0,Binghamton,70.0,2026,,,
6501099,11/12/2025,F,South Fla.,100.0,Coppin St.,50.0,2026,,,
6501226,11/12/2025,F,Boston U.,90.0,Brown,77.0,2026,,,
6501252,11/12/2025,F,USC Upstate,114.0,Bob Jones,53.0,2026,,,
6501312,11/12/2025,F,Virginia Tech,94.0,Saint Joseph's,59.0,2026,,,
6501313,11/12/2025,F,N.C. Central,77.0,Bluefield St.,61.0,2026,,,
6501566,11/12/2025,F,Canisius,58.0,Mercyhurst,55.0,2026,,,
6501705,11/12/2025,F,George Washington,107.0,American,67.0,2026,,,
6501736,11/12/2025,F,Akron,109.0,Penn St.-Shenango,51.0,2026,,,
6502095,11/12/2025,F,Western Mich.,83.0,Purdue Fort Wayne,71.0,2026,,,
6502392,11/12/2025,F,Tennessee,99.0,North Florida,66.0,2026,,,
6502957,11/12/2025,F,St. Bonaventure,75.0,Siena,66.0,2026,,,
6502999,11/12/2025,F,Indiana,101.0,Milwaukee,70.0,2026,,,
6503009,11/12/2025,F,ETSU,75.0,Northern Ky.,63.0,2026,,,
6504073,11/12/2025,F,Longwood,82.0,James Madison,72.0,2026,,,
6504225,11/12/2025,F,Marist,93.0,Vassar,61.0,2026,,,
6504679,11/12/2025,F,Marshall,96.0,Elon,89.0,2026,,,
6505089,11/12/2025,F,South Carolina,81.0,Presbyterian,61.0,2026,,,
6505107,11/12/2025,F,Kennesaw St.,111.0,Point U.,60.0,2026,,,
6505395,11/12/2025,F,VCU,78.0,Saint Peter's,61.0,2026,,,
6531650,11/12/2025,F,New Hampshire,97.0,Emmanuel (MA),69.0,2026,,,
6505054,11/12/2025,F,Bellarmine,94.0,Hanover,55.0,2026,,,
6505246,11/12/2025,F,Southeast Mo. St.,87.0,Webster,41.0,2026,,,
6502066,11/12/2025,F,Marquette,89.0,Little Rock,49.0,2026,,,
6502131,11/12/2025,F,Houston,78.0,Oakland,45.0,2026,,,
6502148,11/12/2025,F,South Dakota,89.0,Southern Ind.,74.0,2026,,,
6502286,11/12/2025,F,Evansville,72.0,Middle Tenn.,77.0,2026,,,
6502384,11/12/2025,F,Vanderbilt,92.0,Eastern Ky.,62.0,2026,,,
6502508,11/12/2025,F,Texas St.,80.0,UTSA,69.0,2026,,,
6502859,11/12/2025,F,Texas,93.0,FDU,58.0,2026,,,
6503649,11/12/2025,F,NC State,110.0,UNC Greensboro,64.0,2026,,,
6503954,11/12/2025,F,Oklahoma St.,94.0,Prairie View,67.0,2026,,,
6504124,11/12/2025,F,Oral Roberts,87.0,Tulsa,88.0,2026,,,
6504490,11/12/2025,F,Valparaiso,68.0,Nicholls,63.0,2026,,,
6504794,11/12/2025,F,Missouri,83.0,Minnesota,60.0,2026,,,
6504925,11/12/2025,F,Utah Valley,91.0,Westminster (UT),60.0,2026,,,
6505970,11/12/2025,F,North Dakota St.,111.0,St. Scholastica,38.0,2026,,,
6530533,11/12/2025,F,Texas Southern,90.0,Samford,93.0,2026,,,
6502544,11/12/2025,F,Bradley,67.0,UT Martin,78.0,2026,,,
6503375,11/12/2025,F,Bryant,82.0,Dartmouth,75.0,2026,,,
6504528,11/12/2025,F,Colorado St.,93.0,Cal Poly,79.0,2026,,,
6505453,11/12/2025,F,Utah St.,83.0,Weber St.,73.0,2026,,,
6505770,11/12/2025,F,Fresno St.,73.0,UC San Diego,78.0,2026,,,
6506140,11/12/2025,F,San Diego,78.0,Idaho,74.0,2026,,,
6503478,11/12/2025,F,Utah Tech,75.0,Manhattan,79.0,2026,,,
6530685,11/12/2025,F,Oregon,83.0,South Dakota St.,69.0,2026,,,
6530940,11/12/2025,F,Oregon St.,66.0,North Texas,64.0,2026,,,
6501670,11/12/2025,F,Pacific,69.0,Long Beach St.,66.0,2026,,,
6502726,11/12/2025,F,San Francisco,80.0,Portland St.,70.0,2026,,,
6504835,11/12/2025,F,Stanford,77.0,Montana St.,68.0,2026,,,
6505201,11/12/2025,F,Seattle U,94.0,Eastern Wash.,67.0,2026,,,
6530856,11/12/2025,F,Nevada,86.0,Southern Ill.,81.0,2026,,,
6503323,11/13/2025,F,Hawaii,88.0,Mississippi Val.,56.0,2026,,,
6501377,11/13/2025,F,South Alabama,66.0,Central Mich.,64.0,2026,,,
6502605,11/13/2025,F,West Virginia,71.0,Pittsburgh,49.0,2026,,,
6504542,11/13/2025,F,Lafayette,78.0,Cornell,97.0,2026,,,
6504993,11/13/2025,F,Michigan St.,79.0,San Jose St.,60.0,2026,,,
6505479,11/13/2025,F,UNC Asheville,92.0,Bryan,54.0,2026,,,
6501621,11/13/2025,F,East Carolina,71.0,Elizabeth City St.,70.0,2026,,,
6501651,11/13/2025,F,Alabama,80.0,Purdue,87.0,2026,,,
6501755,11/13/2025,F,Columbia,86.0,UMass Lowell,72.0,2026,,,
6502002,11/13/2025,F,Tennessee Tech,86.0,Berea,64.0,2026,,,
6502321,11/13/2025,F,Princeton,100.0,John Jay,59.0,2026,,,
6503539,11/13/2025,F,Georgia St.,90.0,Fort Valley St.,56.0,2026,,,
6503912,11/13/2025,F,Western Caro.,95.0,Voorhees,44.0,2026,,,
6504338,11/13/2025,F,Howard,72.0,Alcorn,64.0,2026,,,
6504686,11/13/2025,F,Seton Hall,70.0,Monmouth,58.0,2026,,,
6505482,11/13/2025,F,Massachusetts,94.0,Le Moyne,80.0,2026,,,
6506117,11/13/2025,F,N.C. A&T,89.0,Washington Adventist,83.0,2026,,,
6532531,11/13/2025,F,Robert Morris,81.0,Pitt.-Greensburg,57.0,2026,,,
6533074,11/13/2025,F,Campbell,108.0,Mid-Atlantic Christ.,55.0,2026,,,
6501624,11/13/2025,F,Wichita St.,95.0,Loyola Chicago,74.0,2026,,,
6505996,11/13/2025,F,Grambling,75.0,Southern Miss.,70.0,2026,,,
6501067,11/13/2025,F,Alabama A&M,68.0,Charleston So.,64.0,2026,,,
6502598,11/13/2025,F,St. Thomas (MN),80.0,Green Bay,61.0,2026,,,
6503070,11/13/2025,F,Houston Christian,72.0,ULM,61.0,2026,,,
6505670,11/13/2025,F,NIU,117.0,Benedictine (IL),62.0,2026,,,
6506031,11/13/2025,F,LSU,98.0,FIU,81.0,2026,,,
6503212,11/13/2025,F,Kansas St.,99.0,California,96.0,2026,,,
6504090,11/14/2025,F,Central Mich.,82.0,Coppin St.,59.0,2026,,,
6531204,11/14/2025,F,Northwestern St.,95.0,Ecclesia,75.0,2026,,,
6503819,11/14/2025,F,Navy,97.0,Washington Col.,64.0,2026,,,
6504182,11/14/2025,F,Ga. Southern,98.0,Johnson C. Smith,79.0,2026,,,
6501449,11/14/2025,F,Charleston So.,77.0,Lindenwood,83.0,2026,,,
6501777,11/14/2025,F,Eastern Mich.,83.0,IU Indy,90.0,2026,,,
6504786,11/14/2025,F,Rutgers,84.0,Lehigh,72.0,2026,,,
6501341,11/14/2025,F,Alabama St.,124.0,Virginia-Lynchburg,68.0,2026,,,
6501978,11/14/2025,F,Iona,76.0,Fordham,71.0,2026,,,
6502548,11/14/2025,F,UNI,70.0,Furman,54.0,2026,,,
6502687,11/14/2025,F,Kentucky,99.0,Eastern Ill.,53.0,2026,,,
6502849,11/14/2025,F,Duke,100.0,Indiana St.,62.0,2026,,,
6502878,11/14/2025,F,Bucknell,77.0,Hofstra,83.0,2026,,,
6503272,11/14/2025,F,Towson,51.0,Norfolk St.,41.0,2026,,,
6503456,11/14/2025,F,Col. of Charleston,88.0,South Carolina St.,61.0,2026,,,
6503840,11/14/2025,F,McNeese,88.0,Louisiana,62.0,2026,,,
6504100,11/14/2025,F,Fairfield,73.0,Stonehill,71.0,2026,,,
6504144,11/14/2025,F,Jacksonville St.,74.0,Coastal Carolina,67.0,2026,,,
6505551,11/14/2025,F,West Ga.,100.0,The Citadel,92.0,2026,,,
6506142,11/14/2025,F,Rhode Island,80.0,UAlbany,61.0,2026,,,
6501825,11/14/2025,F,Tulane,63.0,New Orleans,85.0,2026,,,
6501887,11/14/2025,F,UAB,91.0,High Point,74.0,2026,,,
6501901,11/14/2025,F,Drake,59.0,SIUE,61.0,2026,,,
6502007,11/14/2025,F,Ole Miss,82.0,CSU Bakersfield,60.0,2026,,,
6505491,11/14/2025,F,Illinois St.,67.0,Southern California,87.0,2026,,,
6503227,11/14/2025,F,Iowa,81.0,Xavier,62.0,2026,,,
6503983,11/14/2025,F,Texas A&M,74.0,UCF,86.0,2026,,,
6504095,11/14/2025,F,Arkansas,79.0,Samford,75.0,2026,,,
6504159,11/14/2025,F,Texas Tech,80.0,Milwaukee,63.0,2026,,,
6505139,11/14/2025,F,Creighton,84.0,UMES,45.0,2026,,,
6505405,11/14/2025,F,Rice,71.0,East Texas A&M,64.0,2026,,,
6501227,11/14/2025,F,Brown,63.0,Hampton,72.0,2026,,,
6505742,11/14/2025,F,DePaul,79.0,Northwestern,81.0,2026,,,
6501744,11/14/2025,F,North Carolina,97.0,N.C. Central,53.0,2026,,,
6501931,11/14/2025,F,Baylor,94.0,Tarleton St.,81.0,2026,,,
6502432,11/14/2025,F,SFA,76.0,Abilene Christian,66.0,2026,,,
6502718,11/14/2025,F,UC Davis,77.0,Sacramento St.,73.0,2026,,,
6502914,11/14/2025,F,Illinois,84.0,Colgate,65.0,2026,,,
6503093,11/14/2025,F,Colorado,97.0,Providence,88.0,2026,,,
6503487,11/14/2025,F,TCU,63.0,Michigan,67.0,2026,,,
6504611,11/14/2025,F,Georgia,92.0,Georgia Tech,87.0,2026,,,
6504689,11/14/2025,F,Montana,90.0,Cal Poly,82.0,2026,,,
6503479,11/14/2025,F,Mississippi Val.,75.0,Utah Tech,81.0,2026,,,
6501197,11/14/2025,F,UCLA,65.0,Arizona,69.0,2026,,,
6503424,11/14/2025,F,LMU (CA),74.0,Troy,63.0,2026,,,
6530942,11/14/2025,F,Saint Mary's (CA),80.0,North Texas,49.0,2026,,,
6501462,11/14/2025,F,California Baptist,69.0,Western Ill.,59.0,2026,,,
6501178,11/14/2025,F,Arizona St.,65.0,Gonzaga,77.0,2026,,,
6505362,11/14/2025,F,Washington St.,69.0,Washington,81.0,2026,,,
6503324,11/15/2025,F,Hawaii,86.0,Manhattan,56.0,2026,,,
6501696,11/15/2025,F,Buffalo,80.0,RIT,64.0,2026,,,
6504091,11/15/2025,F,South Alabama,72.0,Coppin St.,62.0,2026,,,
6502463,11/15/2025,F,Virginia,104.0,Marshall,78.0,2026,,,
6502922,11/15/2025,F,Georgetown,79.0,Clemson,74.0,2026,,,
6503342,11/15/2025,F,Louisville,106.0,Ohio,81.0,2026,,,
6501063,11/15/2025,F,Yale,86.0,Stony Brook,79.0,2026,,,
6501553,11/15/2025,F,Northeastern,74.0,Vermont,85.0,2026,,,
6501835,11/15/2025,F,New Haven,65.0,Delaware St.,52.0,2026,,,
6501911,11/15/2025,F,Toledo,90.0,Detroit Mercy,83.0,2026,,,
6502187,11/15/2025,F,FGCU,91.0,Chattanooga,73.0,2026,,,
6502459,11/15/2025,F,VMI,67.0,Jacksonville,69.0,2026,,,
6502860,11/15/2025,F,Texas,71.0,Kansas City,55.0,2026,,,
6503013,11/15/2025,F,La Salle,69.0,Penn St.,83.0,2026,,,
6505031,11/15/2025,F,Kent St.,102.0,Cleveland St.,95.0,2026,,,
6505443,11/15/2025,F,Boston U.,79.0,Merrimack,91.0,2026,,,
6501150,11/15/2025,F,Army West Point,52.0,Harvard,75.0,2026,,,
6501514,11/15/2025,F,Kansas,76.0,Princeton,57.0,2026,,,
6502332,11/15/2025,F,Bellarmine,86.0,Wofford,94.0,2026,,,
6502356,11/15/2025,F,Air Force,61.0,Miami (OH),76.0,2026,,,
6502396,11/15/2025,F,North Florida,122.0,New College (FL),67.0,2026,,,
6502526,11/15/2025,F,Marquette,82.0,Maryland,89.0,2026,,,
6502786,11/15/2025,F,Denver,79.0,UTSA,84.0,2026,,,
6502902,11/15/2025,F,Temple,71.0,Boston College,76.0,2026,,,
6503305,11/15/2025,F,SMU,87.0,Butler,85.0,2026,,,
6503562,11/15/2025,F,Chicago St.,63.0,UIC,67.0,2026,,,
6504855,11/15/2025,F,Stonehill,63.0,Loyola Maryland,74.0,2026,,,
6505063,11/15/2025,F,Purdue Fort Wayne,118.0,Boyce,68.0,2026,,,
6505347,11/15/2025,F,UNC Greensboro,63.0,Austin Peay,69.0,2026,,,
6506440,11/15/2025,F,Winthrop,105.0,Mercer,69.0,2026,,,
6531064,11/15/2025,F,George Mason,61.0,New Hampshire,44.0,2026,,,
6502132,11/15/2025,F,Oakland,113.0,Defiance,47.0,2026,,,
6502389,11/15/2025,F,Vanderbilt,104.0,Ark.-Pine Bluff,75.0,2026,,,
6503010,11/15/2025,F,North Ala.,74.0,ETSU,78.0,2026,,,
6503111,11/15/2025,F,Mississippi St.,75.0,Southeastern La.,68.0,2026,,,
6504050,11/15/2025,F,Longwood,90.0,Binghamton,82.0,2026,,,
6506242,11/15/2025,F,Queens (NC),81.0,Sacred Heart,64.0,2026,,,
6506275,11/15/2025,F,Southeast Mo. St.,72.0,St. Thomas (MN),84.0,2026,,,
6503552,11/15/2025,F,Drexel,50.0,Syracuse,80.0,2026,,,
6504449,11/15/2025,F,Radford,59.0,Wright St.,92.0,2026,,,
6501384,11/15/2025,F,Mercyhurst,86.0,Morgan St.,72.0,2026,,,
6502118,11/15/2025,F,UC San Diego,75.0,Idaho,67.0,2026,,,
6502513,11/15/2025,F,St. Bonaventure,84.0,Youngstown St.,80.0,2026,,,
6503108,11/15/2025,F,Boise St.,62.0,Montana St.,58.0,2026,,,
6503249,11/15/2025,F,American,115.0,Central Penn,50.0,2026,,,
6504514,11/15/2025,F,NJIT,93.0,FDU,81.0,2026,,,
6505314,11/15/2025,F,Utah St.,75.0,UTEP,51.0,2026,,,
6501282,11/15/2025,F,Cal St. Fullerton,73.0,Pacific,85.0,2026,,,
6502522,11/15/2025,F,Texas St.,77.0,Texas Southern,67.0,2026,,,
6503167,11/15/2025,F,UC Riverside,74.0,North Dakota,76.0,2026,,,
6530207,11/15/2025,F,Lipscomb,98.0,Bryan,53.0,2026,,,
6505753,11/15/2025,F,Murray St.,99.0,Nicholls,79.0,2026,,,
6501706,11/15/2025,F,George Washington,96.0,Old Dominion,73.0,2026,,,
6504701,11/15/2025,F,St. John's (NY),93.0,William & Mary,60.0,2026,,,
6505281,11/15/2025,F,UT Arlington,67.0,Missouri St.,49.0,2026,,,
6506450,11/15/2025,F,Davidson,91.0,Bowling Green,87.0,2026,,,
6501216,11/15/2025,F,UConn,86.0,BYU,84.0,2026,,,
6501253,11/15/2025,F,UNCW,73.0,USC Upstate,60.0,2026,,,
6501268,11/15/2025,F,LIU,88.0,James Madison,79.0,2026,,,
6502067,11/15/2025,F,Ball St.,62.0,Little Rock,68.0,2026,,,
6503664,11/15/2025,F,Louisiana Tech,68.0,Jackson St.,51.0,2026,,,
6504749,11/15/2025,F,Rider,86.0,Eastern,54.0,2026,,,
6505731,11/15/2025,F,Nebraska,105.0,Oklahoma,99.0,2026,,,
6506394,11/15/2025,F,Santa Clara,98.0,Nevada,83.0,2026,,,
6501410,11/15/2025,F,Dayton,91.0,Bethune-Cookman,82.0,2026,,,
6506345,11/15/2025,F,Southern U.,129.0,Champion Chris.,64.0,2026,,,
6501493,11/15/2025,F,Saint Louis,78.0,Grand Canyon,64.0,2026,,,
6504125,11/15/2025,F,Oral Roberts,60.0,Belmont,83.0,2026,,,
6504680,11/15/2025,F,Elon,95.0,Gardner-Webb,84.0,2026,,,
6504938,11/15/2025,F,Arkansas St.,95.0,Christian Brothers,67.0,2026,,,
6505010,11/15/2025,F,Villanova,87.0,Duquesne,77.0,2026,,,
6505219,11/15/2025,F,Omaha,90.0,Southern Utah,85.0,2026,,,
6500993,11/15/2025,F,Pepperdine,81.0,Northern Colo.,88.0,2026,,,
6502603,11/15/2025,F,Minnesota,72.0,Green Bay,65.0,2026,,,
6503431,11/15/2025,F,Utah,85.0,Sam Houston,79.0,2026,,,
6505231,11/15/2025,F,Wyoming,93.0,Portland,56.0,2026,,,
6505265,11/15/2025,F,New Mexico St.,76.0,New Mexico,68.0,2026,,,
6505918,11/15/2025,F,Manhattan,80.0,Mississippi Val.,73.0,2026,,,
6501008,11/15/2025,F,Seattle U,83.0,Idaho St.,74.0,2026,,,
6503742,11/15/2025,F,San Francisco,75.0,Bradley,64.0,2026,,,
6504026,11/15/2025,F,UC Irvine,79.0,Weber St.,70.0,2026,,,
6505771,11/15/2025,F,Fresno St.,75.0,Utah Valley,74.0,2026,,,
6503325,11/16/2025,F,Hawaii,68.0,Utah Tech,62.0,2026,,,
6504792,11/16/2025,F,Dartmouth,77.0,App State,85.0,2026,,,
6505194,11/16/2025,F,Kent St.,76.0,Wright St.,72.0,2026,,,
6505939,11/16/2025,F,UMBC,71.0,Wagner,70.0,2026,,,
6501502,11/16/2025,F,Ohio St.,64.0,Notre Dame,63.0,2026,,,
6506369,11/16/2025,F,Morehead St.,121.0,Ky. Christian,51.0,2026,,,
6503376,11/16/2025,F,Valparaiso,68.0,Bryant,50.0,2026,,,
6503554,11/16/2025,F,Hampton,61.0,Holy Cross,67.0,2026,,,
6503915,11/16/2025,F,Western Caro.,76.0,Stetson,65.0,2026,,,
6505618,11/16/2025,F,Northern Ky.,101.0,Cumberlands (KY),73.0,2026,,,
6501314,11/16/2025,F,Virginia Tech,84.0,Charlotte,76.0,2026,,,
6502097,11/16/2025,F,South Dakota,83.0,Western Mich.,78.0,2026,,,
6502525,11/16/2025,F,Wake Forest,109.0,UMass Lowell,75.0,2026,,,
6503512,11/16/2025,F,Massachusetts,84.0,Central Conn. St.,77.0,2026,,,
6503955,11/16/2025,F,Oklahoma St.,85.0,A&M-Corpus Christi,69.0,2026,,,
6504101,11/16/2025,F,Fairfield,85.0,Loyola Maryland,82.0,2026,,,
6505108,11/16/2025,F,Kennesaw St.,89.0,South Fla.,108.0,2026,,,
6506252,11/16/2025,F,Maine,64.0,Quinnipiac,70.0,2026,,,
6529487,11/16/2025,F,Central Ark.,77.0,Samford,84.0,2026,,,
6504450,11/16/2025,F,Radford,82.0,Cleveland St.,87.0,2026,,,
6502246,11/16/2025,F,Western Ky.,95.0,Tennessee St.,82.0,2026,,,
6502563,11/16/2025,F,Auburn,72.0,Houston,73.0,2026,,,
6501068,11/16/2025,F,Alabama A&M,74.0,Lindenwood,65.0,2026,,,
6502154,11/16/2025,F,Southern Ind.,91.0,Loras,74.0,2026,,,
6502209,11/16/2025,F,Fordham,96.0,Manhattanville,62.0,2026,,,
6502719,11/16/2025,F,Sacramento St.,64.0,Presbyterian,62.0,2026,,,
6501151,11/16/2025,F,Marist,54.0,Harvard,56.0,2026,,,
6504417,11/16/2025,F,Loyola Chicago,67.0,Colorado St.,80.0,2026,,,
6506319,11/16/2025,F,Memphis,78.0,UNLV,92.0,2026,,,
6503001,11/16/2025,F,Indiana,69.0,UIW,61.0,2026,,,
6502042,11/16/2025,F,Cincinnati,72.0,Mount St. Mary's,55.0,2026,,,
6501671,11/16/2025,F,Long Beach St.,80.0,Illinois St.,82.0,2026,,,
6501737,11/16/2025,F,Purdue,97.0,Akron,79.0,2026,,,
6502773,11/16/2025,F,CSUN,94.0,Troy,85.0,2026,,,
6504219,11/16/2025,F,Florida,82.0,Miami (FL),68.0,2026,,,
6532048,11/17/2025,F,Georgia,87.0,Florida A&M,57.0,2026,,,
6501526,11/17/2025,F,Penn,83.0,Saint Joseph's,74.0,2026,,,
6501567,11/17/2025,F,High Point,93.0,Canisius,50.0,2026,,,
6501902,11/17/2025,F,Col. of Charleston,62.0,Drake,71.0,2026,,,
6502133,11/17/2025,F,UCF,87.0,Oakland,83.0,2026,,,
6502293,11/17/2025,F,Liberty,98.0,CarolinaU,46.0,2026,,,
6502608,11/17/2025,F,West Virginia,81.0,Lafayette,59.0,2026,,,
6502915,11/17/2025,F,Siena,69.0,Colgate,72.0,2026,,,
6503615,11/17/2025,F,Pittsburgh,84.0,Bucknell,50.0,2026,,,
6503650,11/17/2025,F,NC State,85.0,VCU,79.0,2026,,,
6505295,11/17/2025,F,Le Moyne,74.0,Niagara,68.0,2026,,,
6505552,11/17/2025,F,Tennessee Tech,59.0,West Ga.,61.0,2026,,,
6533650,11/17/2025,F,Fla. Atlantic,92.0,Coastal Ga.,63.0,2026,,,
6503875,11/17/2025,F,UAB,112.0,Rhodes,56.0,2026,,,
6503895,11/17/2025,F,ULM,66.0,Lamar University,79.0,2026,,,
6530170,11/17/2025,F,UTRGV,110.0,S'western Adventist,53.0,2026,,,
6501930,11/17/2025,F,Tarleton St.,77.0,Angelo St.,54.0,2026,,,
6502953,11/17/2025,F,Wisconsin,94.0,SIUE,69.0,2026,,,
6503361,11/17/2025,F,Kansas St.,84.0,Tulsa,83.0,2026,,,
6504395,11/17/2025,F,Iowa St.,96.0,Stonehill,57.0,2026,,,
6504788,11/17/2025,F,South Dakota St.,94.0,Peru St.,46.0,2026,,,
6505123,11/17/2025,F,Missouri,91.0,Prairie View,73.0,2026,,,
6505971,11/17/2025,F,North Dakota St.,92.0,Southern Ill.,85.0,2026,,,
6505177,11/17/2025,F,Tennessee,91.0,Rice,66.0,2026,,,
6529625,11/17/2025,F,Western Ill.,74.0,Coe,63.0,2026,,,
6501179,11/17/2025,F,Gonzaga,122.0,Southern Utah,50.0,2026,,,
6501342,11/17/2025,F,Colorado,94.0,Alabama St.,66.0,2026,,,
6502294,11/17/2025,F,UC Santa Barbara,74.0,LMU (CA),78.0,2026,,,
6502924,11/17/2025,F,Clemson,81.0,North Ala.,61.0,2026,,,
6503540,11/17/2025,F,Arizona St.,75.0,Georgia St.,62.0,2026,,,
6502008,11/17/2025,F,Portland St.,93.0,CSU Bakersfield,80.0,2026,,,
6503609,11/17/2025,F,Oregon,87.0,Oregon St.,75.0,2026,,,
6505518,11/17/2025,F,San Jose St.,110.0,Bethesda (CA),56.0,2026,,,
6505989,11/17/2025,F,Eastern Wash.,91.0,Eastern Ore.,73.0,2026,,,
6501100,11/18/2025,F,Coppin St.,103.0,Central Penn,62.0,2026,,,
6532259,11/18/2025,F,UTSA,103.0,Southwestern Christ.,70.0,2026,,,
6501697,11/18/2025,F,Buffalo,94.0,Vermont,90.0,2026,,,
6502692,11/18/2025,F,Kentucky,66.0,Michigan St.,83.0,2026,,,
6503250,11/18/2025,F,Rutgers,80.0,American,71.0,2026,,,
6506143,11/18/2025,F,UAlbany,106.0,Paul Smiths,57.0,2026,,,
6501228,11/18/2025,F,Brown,68.0,Holy Cross,49.0,2026,,,
6501385,11/18/2025,F,Morgan St.,73.0,N.C. A&T,79.0,2026,,,
6501590,11/18/2025,F,UNCW,85.0,East Carolina,60.0,2026,,,
6501756,11/18/2025,F,Columbia,54.0,Boston U.,49.0,2026,,,
6501778,11/18/2025,F,Charleston So.,103.0,IU Indy,91.0,2026,,,
6501836,11/18/2025,F,Seton Hall,68.0,New Haven,45.0,2026,,,
6501859,11/18/2025,F,Detroit Mercy,62.0,Eastern Mich.,72.0,2026,,,
6501979,11/18/2025,F,Iona,89.0,Princeton,69.0,2026,,,
6502359,11/18/2025,F,Florida St.,87.0,UT Martin,73.0,2026,,,
6502462,11/18/2025,F,George Mason,79.0,Jacksonville,57.0,2026,,,
6502998,11/18/2025,F,North Carolina,73.0,Navy,61.0,2026,,,
6503094,11/18/2025,F,Providence,98.0,New Hampshire,66.0,2026,,,
6503558,11/18/2025,F,Boston College,63.0,Hampton,52.0,2026,,,
6504074,11/18/2025,F,James Madison,81.0,Towson,75.0,2026,,,
6504189,11/18/2025,F,Drexel,75.0,NJIT,43.0,2026,,,
6504315,11/18/2025,F,Delaware,81.0,Saint Peter's,70.0,2026,,,
6504451,11/18/2025,F,South Carolina,87.0,Radford,58.0,2026,,,
6504813,11/18/2025,F,Xavier,99.0,Old Dominion,69.0,2026,,,
6506032,11/18/2025,F,FIU,104.0,Fort Lauderdale,80.0,2026,,,
6506052,11/18/2025,F,Lehigh,79.0,Saint Francis,62.0,2026,,,
6506289,11/18/2025,F,FDU,100.0,Saint Elizabeth,58.0,2026,,,
6529578,11/18/2025,F,Dartmouth,113.0,Me.-Augusta,68.0,2026,,,
6531396,11/18/2025,F,Longwood,82.0,UMES,83.0,2026,,,
6533125,11/18/2025,F,Delaware St.,88.0,Cheyney,70.0,2026,,,
6533492,11/18/2025,F,Kent St.,93.0,Eastern Ky.,78.0,2026,,,
6501316,11/18/2025,F,N.C. Central,123.0,Toccoa Falls,67.0,2026,,,
6502247,11/18/2025,F,Western Ky.,97.0,Bethel (TN),67.0,2026,,,
6504184,11/18/2025,F,Georgia Tech,68.0,Ga. Southern,66.0,2026,,,
6501064,11/18/2025,F,Yale,77.0,Rhode Island,86.0,2026,,,
6501203,11/18/2025,F,Cornell,86.0,Army West Point,73.0,2026,,,
6501333,11/18/2025,F,Murray St.,89.0,Little Rock,68.0,2026,,,
6502437,11/18/2025,F,Texas St.,63.0,Abilene Christian,49.0,2026,,,
6502551,11/18/2025,F,UNI,70.0,NIU,57.0,2026,,,
6502824,11/18/2025,F,Northern Ariz.,108.0,Embry-Riddle (AZ),79.0,2026,,,
6503306,11/18/2025,F,SMU,106.0,Ark.-Pine Bluff,60.0,2026,,,
6504097,11/18/2025,F,Arkansas,84.0,Winthrop,83.0,2026,,,
6504126,11/18/2025,F,Oral Roberts,84.0,Haskell,64.0,2026,,,
6504340,11/18/2025,F,LSU,107.0,Alcorn,81.0,2026,,,
6504509,11/18/2025,F,Ole Miss,72.0,Austin Peay,65.0,2026,,,
6504690,11/18/2025,F,Texas A&M,86.0,Montana,81.0,2026,,,
6504795,11/18/2025,F,Minnesota,66.0,Chicago St.,54.0,2026,,,
6505283,11/18/2025,F,Evansville,76.0,UT Arlington,84.0,2026,,,
6505743,11/18/2025,F,DePaul,93.0,Gardner-Webb,62.0,2026,,,
6501972,11/18/2025,F,Southern Miss.,82.0,William Carey,59.0,2026,,,
6503228,11/18/2025,F,Iowa,99.0,Southeast Mo. St.,70.0,2026,,,
6500995,11/18/2025,F,Pepperdine,90.0,New Orleans,79.0,2026,,,
6501515,11/18/2025,F,Duke,78.0,Kansas,66.0,2026,,,
6501625,11/18/2025,F,Boise St.,62.0,Wichita St.,59.0,2026,,,
6502861,11/18/2025,F,Texas,99.0,Rider,65.0,2026,,,
6503433,11/18/2025,F,Utah,85.0,Purdue Fort Wayne,77.0,2026,,,
6504687,11/18/2025,F,Syracuse,78.0,Monmouth,73.0,2026,,,
6505772,11/18/2025,F,Fresno St.,80.0,SFA,78.0,2026,,,
6530291,11/18/2025,F,San Diego,78.0,Grambling,68.0,2026,,,
6505363,11/18/2025,F,Washington,99.0,Southern U.,93.0,2026,,,
6501009,11/18/2025,F,Santa Clara,64.0,Idaho St.,55.0,2026,,,
6501463,11/18/2025,F,California Baptist,80.0,UC Riverside,57.0,2026,,,
6503213,11/18/2025,F,California,67.0,Presbyterian,57.0,2026,,,
6503262,11/18/2025,F,San Diego St.,107.0,Troy,108.0,2026,,,
6503842,11/18/2025,F,Stanford,93.0,Louisiana,66.0,2026,,,
6505264,11/18/2025,F,San Francisco,84.0,Northwestern St.,64.0,2026,,,
6505837,11/18/2025,F,Nevada,71.0,UC Davis,75.0,2026,,,
6502720,11/18/2025,F,UCLA,79.0,Sacramento St.,48.0,2026,,,
6501343,11/19/2025,F,Air Force,66.0,Alabama St.,64.0,2026,,,
6504051,11/19/2025,F,Binghamton,69.0,Misericordia,58.0,2026,,,
6501152,11/19/2025,F,Penn St.,84.0,Harvard,80.0,2026,,,
6502292,11/19/2025,F,Michigan,86.0,Middle Tenn.,61.0,2026,,,
6504640,11/19/2025,F,Furman,79.0,Ohio Christian,44.0,2026,,,
6501198,11/19/2025,F,UConn,67.0,Arizona,71.0,2026,,,
6501254,11/19/2025,F,USC Upstate,84.0,Tennessee Tech,88.0,2026,,,
6501315,11/19/2025,F,Virginia Tech,78.0,Bryant,61.0,2026,,,
6501411,11/19/2025,F,Ohio,73.0,Bethune-Cookman,76.0,2026,,,
6501503,11/19/2025,F,Notre Dame,86.0,Bellarmine,79.0,2026,,,
6501707,11/19/2025,F,George Washington,89.0,UMBC,52.0,2026,,,
6501912,11/19/2025,F,Toledo,92.0,Youngstown St.,75.0,2026,,,
6502043,11/19/2025,F,Maryland,95.0,Mount St. Mary's,90.0,2026,,,
6502335,11/19/2025,F,Wofford,86.0,North Florida,78.0,2026,,,
6502850,11/19/2025,F,Indiana St.,60.0,Louisiana Tech,51.0,2026,,,
6502879,11/19/2025,F,Temple,81.0,Hofstra,76.0,2026,,,
6503755,11/19/2025,F,Richmond,87.0,VMI,54.0,2026,,,
6504491,11/19/2025,F,Cleveland St.,75.0,Valparaiso,90.0,2026,,,
6504702,11/19/2025,F,Bowling Green,74.0,William & Mary,82.0,2026,,,
6504766,11/19/2025,F,South Carolina St.,66.0,Chattanooga,78.0,2026,,,
6505011,11/19/2025,F,La Salle,55.0,Villanova,70.0,2026,,,
6505571,11/19/2025,F,Stetson,64.0,Howard,60.0,2026,,,
6505701,11/19/2025,F,Jacksonville St.,65.0,South Alabama,71.0,2026,,,
6506078,11/19/2025,F,The Citadel,70.0,North Greenville,57.0,2026,,,
6506094,11/19/2025,F,Southeastern La.,71.0,William Carey,45.0,2026,,,
6529199,11/19/2025,F,Duquesne,92.0,Loyola Maryland,78.0,2026,,,
6531169,11/19/2025,F,Samford,62.0,FGCU,77.0,2026,,,
6531257,11/19/2025,F,Quinnipiac,112.0,CCNY,52.0,2026,,,
6502274,11/19/2025,F,Marquette,71.0,Dayton,77.0,2026,,,
6503917,11/19/2025,F,Western Caro.,80.0,UNC Asheville,73.0,2026,,,
6505406,11/19/2025,F,East Texas A&M,115.0,Dallas Christian,44.0,2026,,,
6506132,11/19/2025,F,Sam Houston,78.0,Wyoming,70.0,2026,,,
6506251,11/19/2025,F,Merrimack,72.0,Maine,65.0,2026,,,
6502875,11/19/2025,F,Eastern Ill.,62.0,Tiffin,50.0,2026,,,
6503168,11/19/2025,F,Creighton,75.0,North Dakota,60.0,2026,,,
6503744,11/19/2025,F,Bradley,87.0,UMass Lowell,77.0,2026,,,
6503956,11/19/2025,F,Oklahoma St.,103.0,South Fla.,95.0,2026,,,
6504027,11/19/2025,F,Utah Valley,79.0,UC Irvine,72.0,2026,,,
6505464,11/19/2025,F,TCU,81.0,Kansas City,45.0,2026,,,
6505972,11/19/2025,F,North Dakota St.,82.0,Jamestown,67.0,2026,,,
6533272,11/19/2025,F,Omaha,96.0,Concordia (NE),80.0,2026,,,
6505639,11/19/2025,F,Belmont,75.0,Lipscomb,68.0,2026,,,
6503839,11/19/2025,F,UTEP,84.0,St. Thomas (TX),83.0,2026,,,
6504473,11/19/2025,F,Auburn,112.0,Jackson St.,66.0,2026,,,
6506073,11/19/2025,F,Illinois,86.0,Alabama,90.0,2026,,,
6501672,11/19/2025,F,Long Beach St.,87.0,Nobel,54.0,2026,,,
6502728,11/19/2025,F,Portland St.,90.0,Evergreen St.,61.0,2026,,,
6504607,11/19/2025,F,Weber St.,91.0,Campbell,85.0,2026,,,
6504939,11/19/2025,F,Saint Mary's (CA),85.0,Arkansas St.,72.0,2026,,,
6505220,11/19/2025,F,Washington St.,98.0,Southern Utah,74.0,2026,,,
6502161,11/20/2025,F,Southern Ind.,81.0,UIW,87.0,2026,,,
6501888,11/20/2025,F,UIC,80.0,High Point,90.0,2026,,,
6505829,11/20/2025,F,Marshall,98.0,Ark.-Pine Bluff,70.0,2026,,,
6501038,11/20/2025,F,Indiana,73.0,Lindenwood,53.0,2026,,,
6502237,11/20/2025,F,Purdue,80.0,Memphis,71.0,2026,,,
6505565,11/20/2025,F,Nobel,55.0,Montana St.,92.0,2026,,,
6531861,11/20/2025,F,St. Bonaventure,75.0,Robert Morris,61.0,2026,,,
6501188,11/20/2025,F,Stony Brook,80.0,Brown,70.0,2026,,,
6501269,11/20/2025,F,Fordham,69.0,LIU,53.0,2026,,,
6501369,11/20/2025,F,Central Mich.,66.0,Northern Ky.,90.0,2026,,,
6502327,11/20/2025,F,Princeton,70.0,Northeastern,57.0,2026,,,
6502394,11/20/2025,F,Vanderbilt,109.0,Texas Southern,74.0,2026,,,
6502916,11/20/2025,F,Cornell,95.0,Colgate,94.0,2026,,,
6503066,11/20/2025,F,Delaware St.,66.0,Kean,64.0,2026,,,
6503229,11/20/2025,F,Iowa,93.0,Chicago St.,54.0,2026,,,
6503618,11/20/2025,F,St. John's (NY),97.0,Bucknell,49.0,2026,,,
6503986,11/20/2025,F,UCF,77.0,Pittsburgh,67.0,2026,,,
6504220,11/20/2025,F,Miami (FL),99.0,Elon,72.0,2026,,,
6505178,11/20/2025,F,Tennessee,89.0,Tennessee St.,60.0,2026,,,
6505348,11/20/2025,F,Queens (NC),101.0,UNC Greensboro,94.0,2026,,,
6505602,11/20/2025,F,Wright St.,100.0,Ohio Wesleyan,47.0,2026,,,
6505740,11/20/2025,F,New Mexico,72.0,Nebraska,84.0,2026,,,
6506204,11/20/2025,F,Miami (OH),76.0,Mercyhurst,71.0,2026,,,
6533637,11/20/2025,F,Fla. Atlantic,82.0,Pacific,59.0,2026,,,
6501938,11/20/2025,F,Rice,74.0,Tarleton St.,90.0,2026,,,
6502096,11/20/2025,F,Ohio St.,91.0,Western Mich.,58.0,2026,,,
6502937,11/20/2025,F,Illinois St.,93.0,Rockford,48.0,2026,,,
6503075,11/20/2025,F,Houston Christian,85.0,Biblical Stud. (TX),67.0,2026,,,
6505124,11/20/2025,F,Missouri,102.0,South Dakota,68.0,2026,,,
6529488,11/20/2025,F,North Texas,74.0,Central Ark.,56.0,2026,,,
6530222,11/20/2025,F,Oklahoma,95.0,Oral Roberts,71.0,2026,,,
6505932,11/20/2025,F,Texas Tech,84.0,Wake Forest,83.0,2026,,,
6502576,11/20/2025,F,Houston,91.0,Rider,45.0,2026,,,
6503434,11/20/2025,F,Utah,85.0,Cal Poly,92.0,2026,,,
6503119,11/20/2025,F,Kansas St.,98.0,Mississippi St.,77.0,2026,,,
6501527,11/20/2025,F,UNLV,99.0,Saint Joseph's,85.0,2026,,,
6503425,11/20/2025,F,Southern California,107.0,Troy,106.0,2026,,,
6503574,12/03/2025,Final,UIC,,Ark.-Pine Bluff,,2026,post,FINAL,
6530209,12/03/2025,Final,Lipscomb,,Tennessee Tech,,2026,post,FINAL,
6501379,12/03/2025,Scheduled,Boston U.,,VTSU-Johnson,,2026,pre,,
6504272,12/03/2025,Scheduled,Holy Cross,,Northeastern,,2026,pre,,
6502020,12/03/2025,Scheduled,App State,,Virginia-Lynchburg,,2026,pre,,
6502531,12/03/2025,Scheduled,Youngstown St.,,Wright St.,,2026,pre,,
6501104,12/03/2025,Scheduled,West Virginia,,Coppin St.,,2026,pre,,
6501156,12/03/2025,Scheduled,Massachusetts,,Harvard,,2026,pre,,
6501258,12/03/2025,Scheduled,USC Upstate,,Coastal Carolina,,2026,pre,,
6501599,12/03/2025,Scheduled,UNCW,,Marshall,,2026,pre,,
6501739,12/03/2025,Scheduled,Akron,,Bucknell,,2026,pre,,
6501746,12/03/2025,Scheduled,James Madison,,N.C. Central,,2026,pre,,
6501761,12/03/2025,Scheduled,Columbia,,Hofstra,,2026,pre,,
6501781,12/03/2025,Scheduled,Detroit Mercy,,IU Indy,,2026,pre,,
6501890,12/03/2025,Scheduled,High Point,,Southern Ill.,,2026,pre,,
6502047,12/03/2025,Scheduled,Mount St. Mary's,,Sacred Heart,,2026,pre,,
6502136,12/03/2025,Scheduled,Oakland,,Purdue Fort Wayne,,2026,pre,,
6502164,12/03/2025,Scheduled,Western Mich.,,Southern Ind.,,2026,pre,,
6502355,12/03/2025,Scheduled,Wofford,,Presbyterian,,2026,pre,,
6503067,12/03/2025,Scheduled,Minnesota,,Indiana,,2026,pre,,
6503256,12/03/2025,Scheduled,American,,Drexel,,2026,pre,,
6503516,12/03/2025,Scheduled,Seton Hall,,Central Conn. St.,,2026,pre,,
6503563,12/03/2025,Scheduled,Hampton,,Loyola Maryland,,2026,pre,,
6503666,12/03/2025,Scheduled,Ga. Southern,,Louisiana Tech,,2026,pre,,
6503797,12/03/2025,Scheduled,Ohio,,Maine,,2026,pre,,
6503823,12/03/2025,Scheduled,Delaware St.,,Navy,,2026,pre,,
6503846,12/03/2025,Scheduled,Lamar University,,Louisiana,,2026,pre,,
6504453,12/03/2025,Scheduled,Radford,,Southern Miss.,,2026,pre,,
6504471,12/03/2025,Scheduled,Longwood,,Pfeiffer,,2026,pre,,
6504643,12/03/2025,Scheduled,Elon,,Furman,,2026,pre,,
6505034,12/03/2025,Scheduled,Northern Ky.,,Cleveland St.,,2026,pre,,
6505057,12/03/2025,Scheduled,Bellarmine,,Midway,,2026,pre,,
6505197,12/03/2025,Scheduled,Kent St.,,Austin Peay,,2026,pre,,
6505662,12/03/2025,Scheduled,Towson,,Cornell,,2026,pre,,
6506034,12/03/2025,Scheduled,FIU,,FGCU,,2026,pre,,
6506154,12/03/2025,Scheduled,SFA,,UTRGV,,2026,pre,,
6506243,12/03/2025,Scheduled,Queens (NC),,Gardner-Webb,,2026,pre,,
6529579,12/03/2025,Scheduled,Dartmouth,,New Hampshire,,2026,pre,,
6531728,12/03/2025,Scheduled,St. Bonaventure,,Bloomsburg,,2026,pre,,
6534190,12/03/2025,Scheduled,Saint Francis,,Penn St.-Shenango,,2026,pre,,
6501653,12/03/2025,Scheduled,Alabama,,Clemson,,2026,pre,,
6503345,12/03/2025,Scheduled,Arkansas,,Louisville,,2026,pre,,
6503961,12/03/2025,Scheduled,Boston College,,LSU,,2026,pre,,
6501719,12/03/2025,Scheduled,Yale,,Brandeis,,2026,pre,,
6502070,12/03/2025,Scheduled,Central Ark.,,Little Rock,,2026,pre,,
6504537,12/03/2025,Scheduled,Belmont,,Richmond,,2026,pre,,
6505920,12/03/2025,Scheduled,ULM,,Mississippi Val.,,2026,pre,,
6501013,12/03/2025,Scheduled,Kansas City,,Idaho St.,,2026,pre,,
6501071,12/03/2025,Scheduled,Alabama A&M,,Tennessee St.,,2026,pre,,
6501934,12/03/2025,Scheduled,Tarleton St.,,Howard Payne,,2026,pre,,
6502364,12/03/2025,Scheduled,Monmouth,,Princeton,,2026,pre,,
6502731,12/03/2025,Scheduled,South Dakota,,Portland St.,,2026,pre,,
6502828,12/03/2025,Scheduled,Northern Ariz.,,South Dakota St.,,2026,pre,,
6503766,12/03/2025,Scheduled,Memphis,,New Orleans,,2026,pre,,
6504345,12/03/2025,Scheduled,Iowa St.,,Alcorn,,2026,pre,,
6504851,12/03/2025,Scheduled,Evansville,,Ball St.,,2026,pre,,
6505148,12/03/2025,Scheduled,Omaha,,Northern Colo.,,2026,pre,,
6505941,12/03/2025,Scheduled,Georgetown,,UMBC,,2026,pre,,
6531279,12/03/2025,Scheduled,Illinois St.,,Eastern Ky.,,2026,pre,,
6501218,12/03/2025,Scheduled,California Baptist,,BYU,,2026,pre,,
6502395,12/03/2025,Scheduled,Air Force,,Pacific,,2026,pre,,
6502558,12/03/2025,Scheduled,Rice,,Texas St.,,2026,pre,,
6502789,12/03/2025,Scheduled,Denver,,Eastern Wash.,,2026,pre,,
6503175,12/03/2025,Scheduled,Idaho,,North Dakota,,2026,pre,,
6504599,12/03/2025,Scheduled,Weber St.,,Oral Roberts,,2026,pre,,
6504691,12/03/2025,Scheduled,Montana,,North Dakota St.,,2026,pre,,
6505568,12/03/2025,Scheduled,Montana St.,,St. Thomas (MN),,2026,pre,,
6505913,12/03/2025,Scheduled,Wisconsin,,Northwestern,,2026,pre,,
6502399,12/03/2025,Scheduled,Vanderbilt,,SMU,,2026,pre,,
6502515,12/03/2025,Scheduled,Texas,,Virginia,,2026,pre,,
6503122,12/03/2025,Scheduled,Georgia Tech,,Mississippi St.,,2026,pre,,
6503652,12/03/2025,Scheduled,Auburn,,NC State,,2026,pre,,
6504235,12/03/2025,Scheduled,Oregon St.,,Vermont,,2026,pre,,
6503263,12/03/2025,Scheduled,San Diego St.,,Utah Valley,,2026,pre,,
6503480,12/03/2025,Scheduled,Santa Clara,,Utah Tech,,2026,pre,,
6505204,12/03/2025,Scheduled,Seattle U,,Puget Sound,,2026,pre,,
6505270,12/03/2025,Scheduled,San Francisco,,North Ala.,,2026,pre,,
6504662,12/03/2025,Scheduled,Washington,,UCLA,,2026,pre,,
