contestId,url,gameState,startDate,startTime,team1_name,team1_score,team1_isHome,team1_isWinner,team1_conference,team2_name,team2_score,team2_isHome,team2_isWinner,team2_conference
6505938,/game/6505938,F,11/04/2025,18:00,UMBC,74,True,True,america-east,Penn St.-York,53,False,False,
6502236,/game/6502236,F,11/04/2025,18:30,Purdue,82,True,True,big-ten,Evansville,51,False,False,mvc
6501620,/game/6501620,F,11/04/2025,19:00,East Carolina,92,True,True,american,Ga. Southern,89,False,False,sun-belt
6502040,/game/6502040,F,11/04/2025,19:00,West Virginia,70,True,True,big-12,Mount St. Mary's,54,False,False,maac
6502206,/game/6502206,F,11/04/2025,19:00,Fordham,61,True,False,atlantic-10,NJIT,72,False,True,america-east
6502323,/game/6502323,F,11/04/2025,19:00,Florida St.,108,True,True,acc,Alcorn,76,False,False,swac
6502682,/game/6502682,F,11/04/2025,19:00,Kentucky,77,True,True,sec,Nicholls,51,False,False,southland
6502950,/game/6502950,F,11/04/2025,19:00,SIUE,119,True,True,ovc,East-West U.,50,False,False,
6503005,/game/6503005,F,11/04/2025,19:00,ETSU,102,True,True,socon,Converse,50,False,False,conference-carolinas
6504681,/game/6504681,F,11/04/2025,19:00,Monmouth,96,True,True,caa,Caldwell,68,False,False,cacc
6505959,/game/6505959,F,11/04/2025,19:00,Manhattan,125,True,True,maac,St. Joseph's (Brkln),59,False,False,skyline
6506116,/game/6506116,F,11/04/2025,19:00,South Carolina,91,True,True,sec,N.C. A&T,72,False,False,caa
6530731,/game/6530731,F,11/04/2025,19:00,Sacred Heart,103,True,True,maac,Merchant Marine,46,False,False,skyline
6501622,/game/6501622,F,11/04/2025,19:30,Wichita St.,75,True,True,american,UNC Asheville,58,False,False,big-south
6501036,/game/6501036,F,11/04/2025,20:00,Texas Tech,98,True,True,big-12,Lindenwood,60,False,False,ovc
6502064,/game/6502064,F,11/04/2025,20:00,Little Rock,92,True,True,ovc,Ark. Baptist,63,False,False,
6503358,/game/6503358,F,11/04/2025,20:00,Kansas St.,93,True,True,big-12,UNC Greensboro,64,False,False,socon
6503695,/game/6503695,F,11/04/2025,20:00,Valparaiso,66,True,True,mvc,Eastern Ill.,63,False,False,ovc
6503953,/game/6503953,F,11/04/2025,20:00,Oklahoma St.,95,True,True,big-12,Oral Roberts,71,False,False,summit-league
6504955,/game/6504955,F,11/04/2025,20:00,Missouri St.,88,True,True,cusa,Mo. Southern St.,70,False,False,mid-america-intercollegiate
6505804,/game/6505804,F,11/04/2025,20:00,Utah Valley,116,True,True,wac,West Coast Baptist,35,False,False,
6505819,/game/6505819,F,11/04/2025,20:00,Rice,109,True,True,american,Biblical Stud. (TX),38,False,False,
6503225,/game/6503225,F,11/04/2025,20:30,Iowa,101,True,True,big-ten,Robert Morris,69,False,False,horizon
6502857,/game/6502857,F,11/04/2025,20:45,Duke,75,True,True,acc,Texas,60,False,False,sec
6502283,/game/6502283,F,11/04/2025,21:00,UC Santa Barbara,98,True,True,big-west,San Fran. St.,67,False,False,ccaa
6505216,/game/6505216,F,11/04/2025,21:00,Arizona St.,81,True,True,big-12,Southern Utah,64,False,False,wac
6530633,/game/6530633,F,11/04/2025,21:00,New Mexico St.,83,True,True,cusa,Adams St.,72,False,False,rmac
6531608,/game/6531608,F,11/04/2025,21:00,San Diego,88,True,True,wcc,Occidental,59,False,False,sciac
6501005,/game/6501005,F,11/04/2025,22:00,Idaho St.,81,True,True,big-sky,Park (AZ),71,False,False,
6501668,/game/6501668,F,11/04/2025,22:00,San Diego St.,77,True,True,mountain-west,Long Beach St.,45,False,False,big-west
6502535,/game/6502535,F,11/04/2025,22:00,UNLV,81,True,False,mountain-west,UT Martin,86,False,True,ovc
6502714,/game/6502714,F,11/04/2025,22:00,Sacramento St.,103,True,True,big-sky,Dominican (CA),79,False,False,pacwest
6502722,/game/6502722,F,11/04/2025,22:00,Stanford,89,True,True,acc,Portland St.,79,False,False,big-sky
6503662,/game/6503662,F,11/04/2025,22:00,Nevada,77,True,True,mountain-west,Louisiana Tech,50,False,False,cusa
6506392,/game/6506392,F,11/04/2025,22:00,Santa Clara,83,True,True,wcc,Cal Poly Humboldt,53,False,False,ccaa
6503321,/game/6503321,F,11/04/2025,22:30,Oregon,60,True,True,big-ten,Hawaii,59,False,False,big-west
6502281,/game/6502281,F,11/05/2025,11:30,Middle Tenn.,100,True,True,cusa,Milligan,51,False,False,
6504778,/game/6504778,F,11/05/2025,18:00,Rutgers,81,True,True,big-ten,Rider,53,False,False,maac
6505088,/game/6505088,F,11/05/2025,18:00,Presbyterian,105,True,True,big-south,Bluefield Univ.,76,False,False,
6502270,/game/6502270,F,11/05/2025,18:07,Binghamton,66,True,True,america-east,RIT,56,False,False,liberty-league
6501097,/game/6501097,F,11/05/2025,18:30,La Salle,87,True,True,atlantic-10,Coppin St.,59,False,False,meac
6502014,/game/6502014,F,11/05/2025,18:30,App State,92,True,True,sun-belt,CarolinaU,46,False,False,
6502141,/game/6502141,F,11/05/2025,19:00,Butler,88,True,True,big-east,Southern Ind.,58,False,False,ovc
6502900,/game/6502900,F,11/05/2025,19:00,Temple,83,True,True,american,Delaware St.,65,False,False,meac
6503269,/game/6503269,F,11/05/2025,19:00,Norfolk St.,119,True,True,meac,Regent,55,False,False,c2c
6504047,/game/6504047,F,11/05/2025,19:00,Vermont,113,True,True,america-east,Plattsburgh St.,62,False,False,sunyac
6504072,/game/6504072,F,11/05/2025,19:00,James Madison,70,True,True,sun-belt,Wash. & Lee,56,False,False,odac
6504529,/game/6504529,F,11/05/2025,19:00,Richmond,84,True,True,atlantic-10,Southern Va.,56,False,False,usa-south
6504541,/game/6504541,F,11/05/2025,19:00,Lafayette,79,True,True,patriot,Dickinson,44,False,False,centennial
6504677,/game/6504677,F,11/05/2025,19:00,Elon,99,True,True,caa,Belmont Abbey,51,False,False,conference-carolinas
6505917,/game/6505917,F,11/05/2025,19:00,Mississippi Val.,97,True,True,swac,MUW,61,False,False,sliac
6506239,/game/6506239,F,11/05/2025,19:00,Queens (NC),87,True,True,asun,Lynchburg,76,False,False,odac
6506421,/game/6506421,F,11/05/2025,19:00,Georgia,94,True,True,sec,UMES,29,False,False,meac
6530714,/game/6530714,F,11/05/2025,19:00,UTSA,97,True,True,american,Biblical Stud. (TX),30,False,False,
6531610,/game/6531610,F,11/05/2025,19:00,Prairie View,94,True,True,swac,Dallas,53,False,False,scac
6531631,/game/6531631,F,11/05/2025,19:00,Mercer,101,True,True,socon,LaGrange,62,False,False,ccs
6501066,/game/6501066,F,11/05/2025,20:00,Indiana,98,True,True,big-ten,Alabama A&M,51,False,False,swac
6501928,/game/6501928,F,11/05/2025,20:00,LSU,96,True,True,sec,Tarleton St.,60,False,False,wac
6502493,/game/6502493,F,11/05/2025,20:00,Marquette,100,True,True,big-east,Southern U.,82,False,False,swac
6502697,/game/6502697,F,11/05/2025,20:00,Texas St.,114,True,True,sun-belt,TAMU-San Antonio,55,False,False,
6505129,/game/6505129,F,11/05/2025,20:00,Creighton,92,True,True,big-east,South Dakota,76,False,False,summit-league
6501250,/game/6501250,F,11/05/2025,21:00,Fresno St.,66,True,False,mountain-west,USC Upstate,67,False,True,big-south
6502766,/game/6502766,F,11/05/2025,21:00,Utah Tech,110,True,True,wac,Bethesda (CA),65,False,False,
6503109,/game/6503109,F,11/05/2025,21:00,Mississippi St.,86,True,True,sec,North Ala.,62,False,False,asun
6504684,/game/6504684,F,11/05/2025,21:00,Montana,73,True,True,big-sky,Ottawa (AZ),39,False,False,
6505404,/game/6505404,F,11/05/2025,21:00,New Mexico,76,True,True,mountain-west,East Texas A&M,54,False,False,southland
6505564,/game/6505564,F,11/05/2025,21:00,Montana St.,114,True,True,big-sky,Northwest Indian,44,False,False,
6505836,/game/6505836,F,11/05/2025,21:00,UC Davis,80,True,True,big-west,North Dakota St.,68,False,False,summit-league
6504487,/game/6504487,F,11/05/2025,22:00,Cal Poly,101,True,True,big-west,Pacific Lutheran,79,False,False,nwc
6504753,/game/6504753,F,11/05/2025,22:00,Pacific,83,True,True,wcc,LIFE Pacific,56,False,False,
6505988,/game/6505988,F,11/05/2025,22:30,LMU (CA),70,True,True,wcc,Eastern Wash.,62,False,False,big-sky
6529198,/game/6529198,F,11/06/2025,11:30,Loyola Maryland,96,True,True,patriot,Penn St.-Abington,60,False,False,united-east
6502005,/game/6502005,F,11/06/2025,14:00,CSU Bakersfield,83,True,True,big-west,Whittier,61,False,False,sciac
6501383,/game/6501383,F,11/06/2025,18:00,Morgan St.,101,True,True,meac,Central Penn,77,False,False,
6531649,/game/6531649,F,11/06/2025,18:00,New Hampshire,113,True,True,america-east,Curry,31,False,False,cne
6501265,/game/6501265,F,11/06/2025,18:30,IU Indy,90,True,False,horizon,LIU,94,False,True,nec
6501060,/game/6501060,F,11/06/2025,19:00,Lindenwood,116,True,True,ovc,UHSP,51,False,False,
6501408,/game/6501408,F,11/06/2025,19:00,Miami (FL),101,True,True,acc,Bethune-Cookman,61,False,False,swac
6501564,/game/6501564,F,11/06/2025,19:00,Canisius,84,True,True,maac,Allegheny,43,False,False,pac
6502093,/game/6502093,F,11/06/2025,19:00,Western Mich.,81,True,False,mac,Northwood,85,False,True,g-mac
6502589,/game/6502589,F,11/06/2025,19:00,West Virginia,73,True,True,big-12,Campbell,65,False,False,caa
6502847,/game/6502847,F,11/06/2025,19:00,Indiana St.,104,True,True,mvc,Illinois Tech,73,False,False,nacc
6503341,/game/6503341,F,11/06/2025,19:00,Louisville,106,True,True,acc,Jackson St.,70,False,False,swac
6503510,/game/6503510,F,11/06/2025,19:00,Quinnipiac,71,True,True,maac,Central Conn. St.,49,False,False,nec
6503549,/game/6503549,F,11/06/2025,19:00,Hampton,103,True,True,caa,Mid-Atlantic Christ.,43,False,False,
6503793,/game/6503793,F,11/06/2025,19:00,Ohio,72,True,True,mac,Illinois St.,68,False,False,mvc
6503959,/game/6503959,F,11/06/2025,19:00,Boston College,76,True,True,acc,The Citadel,47,False,False,socon
6504807,/game/6504807,F,11/06/2025,19:00,Old Dominion,93,True,True,sun-belt,Randolph,53,False,False,odac
6505028,/game/6505028,F,11/06/2025,19:00,Cleveland St.,71,True,True,horizon,Capital,70,False,False,oac
6505567,/game/6505567,F,11/06/2025,19:00,Howard,103,True,True,meac,Dist. Columbia,71,False,False,ecc
6505630,/game/6505630,F,11/06/2025,19:00,Xavier,74,True,True,big-east,Le Moyne,69,False,False,nec
6506051,/game/6506051,F,11/06/2025,19:00,Lehigh,91,True,True,patriot,Valley Forge,52,False,False,united-east
6506449,/game/6506449,F,11/06/2025,19:00,Bowling Green,120,True,True,mac,Bethany (WV),65,False,False,pac
6532002,/game/6532002,F,11/06/2025,19:00,Charleston So.,106,True,True,big-south,Toccoa Falls,71,False,False,
6501899,/game/6501899,F,11/06/2025,19:30,Drake,79,True,False,mvc,Robert Morris,81,False,True,horizon
6501971,/game/6501971,F,11/06/2025,20:00,Southern Miss.,93,True,True,sun-belt,Tougaloo,57,False,False,
6502390,/game/6502390,F,11/06/2025,20:00,Florida,104,True,True,sec,North Florida,64,False,False,asun
6502426,/game/6502426,F,11/06/2025,20:00,Abilene Christian,73,True,True,wac,Omaha,71,False,False,summit-league
6502453,/game/6502453,F,11/06/2025,20:00,Jacksonville,132,True,True,asun,Trinity (FL),45,False,False,
6502536,/game/6502536,F,11/06/2025,20:00,UNI,86,True,True,mvc,CSUN,57,False,False,big-west
6503165,/game/6503165,F,11/06/2025,20:00,North Dakota,70,True,False,summit-league,UC Riverside,74,False,True,big-west
6503304,/game/6503304,F,11/06/2025,20:00,SMU,69,True,True,acc,A&M-Corpus Christi,58,False,False,southland
6503419,/game/6503419,F,11/06/2025,20:00,Eastern Ky.,122,True,True,asun,Midway,60,False,False,
6504331,/game/6504331,F,11/06/2025,20:00,South Alabama,76,True,True,sun-belt,Alcorn,70,False,False,swac
6504394,/game/6504394,F,11/06/2025,20:00,Iowa St.,102,True,True,big-12,Grambling,62,False,False,swac
6504575,/game/6504575,F,11/06/2025,20:00,Saint Louis,108,True,True,atlantic-10,Chicago St.,86,False,False,nec
6504784,/game/6504784,F,11/06/2025,20:00,South Dakota St.,68,True,True,summit-league,Dakota St.,62,False,False,
6506003,/game/6506003,F,11/06/2025,20:00,Auburn,95,True,True,sec,Merrimack,57,False,False,maac
6530276,/game/6530276,F,11/06/2025,20:00,North Texas,80,True,True,american,Northwestern St.,53,False,False,southland
6530376,/game/6530376,F,11/06/2025,20:00,Texas A&M,104,True,True,sec,Texas Southern,70,False,False,swac
6530873,/game/6530873,F,11/06/2025,20:00,TCU,104,True,True,big-12,Saint Francis,63,False,False,nec
6504412,/game/6504412,F,11/06/2025,21:00,Loyola Chicago,65,True,False,atlantic-10,Mercyhurst,73,False,True,nec
6502808,/game/6502808,F,11/06/2025,22:00,Washington,84,True,True,big-ten,Denver,70,False,False,summit-league
6503211,/game/6503211,F,11/06/2025,22:00,California,77,True,True,acc,Wright St.,67,False,False,horizon
6505228,/game/6505228,F,11/06/2025,22:30,Portland,83,True,True,wcc,Ark.-Pine Bluff,74,False,False,swac
6504314,/game/6504314,F,11/07/2025,11:00,Delaware,62,True,False,cusa,Wilmington (DE),71,False,True,cacc
6530936,/game/6530936,F,11/07/2025,12:00,Evansville,92,True,True,mvc,Calumet Col.,50,False,False,
6501754,/game/6501754,F,11/07/2025,13:00,New Haven,53,True,False,nec,Columbia,71,False,True,ivy-league
6502988,/game/6502988,F,11/07/2025,13:30,UTSA,60,True,False,american,SIUE,77,False,True,ovc
6531802,/game/6531802,F,11/07/2025,14:00,UIW,104,True,True,southland,Jarvis Christian,60,False,False,
6501147,/game/6501147,F,11/07/2025,17:00,Harvard,79,True,True,ivy-league,MIT,50,False,False,newmac
6502912,/game/6502912,F,11/07/2025,17:00,Colgate,65,True,False,patriot,Northeastern,68,False,True,caa
6502288,/game/6502288,F,11/07/2025,18:00,Liberty,90,True,True,cusa,Col. of Charleston,75,False,False,caa
6503709,/game/6503709,F,11/07/2025,18:00,Maryland,60,True,False,big-ten,Georgetown,70,False,True,big-east
6505319,/game/6505319,F,11/07/2025,18:00,Rhode Island,65,True,False,atlantic-10,Tulsa,82,False,True,american
6505442,/game/6505442,F,11/07/2025,18:00,Northwestern,76,True,True,big-ten,Boston U.,52,False,False,patriot
6501694,/game/6501694,F,11/07/2025,18:30,Buffalo,83,True,True,mac,Green Bay,76,False,False,horizon
6505061,/game/6505061,F,11/07/2025,18:30,Ohio St.,94,True,True,big-ten,Purdue Fort Wayne,68,False,False,horizon
6501224,/game/6501224,F,11/07/2025,19:00,Brown,46,True,False,ivy-league,Siena,62,False,True,maac
6501339,/game/6501339,F,11/07/2025,19:00,Florida St.,101,True,True,acc,Alabama St.,64,False,False,swac
6501500,/game/6501500,F,11/07/2025,19:00,Notre Dame,102,True,True,acc,Detroit Mercy,70,False,False,horizon
6501513,/game/6501513,F,11/07/2025,19:00,North Carolina,87,True,True,acc,Kansas,74,False,False,big-12
6501523,/game/6501523,F,11/07/2025,19:00,Mount St. Mary's,62,True,False,maac,Bucknell,73,False,True,patriot
6501742,/game/6501742,F,11/07/2025,19:00,Virginia,81,True,True,acc,N.C. Central,62,False,False,meac
6501976,/game/6501976,F,11/07/2025,19:00,Iona,81,True,True,maac,Hofstra,73,False,False,caa
6502130,/game/6502130,F,11/07/2025,19:00,Purdue,87,True,True,big-ten,Oakland,77,False,False,horizon
6502514,/game/6502514,F,11/07/2025,19:00,Wake Forest,81,True,True,acc,Morehead St.,65,False,False,ovc
6502685,/game/6502685,F,11/07/2025,19:00,Kentucky,107,True,True,sec,Valparaiso,59,False,False,mvc
6502920,/game/6502920,F,11/07/2025,19:00,Clemson,97,True,True,acc,Gardner-Webb,59,False,False,big-south
6503055,/game/6503055,F,11/07/2025,19:00,Ball St.,84,True,True,mac,Mansfield,54,False,False,psac
6503226,/game/6503226,F,11/07/2025,19:00,Iowa,77,True,True,big-ten,Western Ill.,58,False,False,ovc
6503422,/game/6503422,F,11/07/2025,19:00,Furman,61,True,False,socon,Troy,64,False,True,sun-belt
6503537,/game/6503537,F,11/07/2025,19:00,Cincinnati,74,True,True,big-12,Georgia St.,64,False,False,sun-belt
6503690,/game/6503690,F,11/07/2025,19:00,Penn,119,True,True,ivy-league,Rowan,72,False,False,njac
6504143,/game/6504143,F,11/07/2025,19:00,Coastal Carolina,121,True,True,sun-belt,Virginia-Lynchburg,44,False,False,
6504266,/game/6504266,F,11/07/2025,19:00,Pittsburgh,78,True,True,acc,Longwood,60,False,False,big-south
6504448,/game/6504448,F,11/07/2025,19:00,Radford,99,True,True,big-south,West Va. Wesleyan,61,False,False,mec
6504936,/game/6504936,F,11/07/2025,19:00,SFA,90,True,True,southland,Arkansas St.,65,False,False,sun-belt
6505193,/game/6505193,F,11/07/2025,19:00,Kent St.,110,True,True,mac,Cornell,102,False,False,ivy-league
6505360,/game/6505360,F,11/07/2025,19:00,North Ala.,90,True,True,asun,Lane,84,False,False,siac
6505426,/game/6505426,F,11/07/2025,19:00,Charlotte,70,True,True,american,Tennessee Tech,65,False,False,ovc
6505550,/game/6505550,F,11/07/2025,19:00,West Ga.,120,True,True,asun,Huntingdon,83,False,False,ccs
6506165,/game/6506165,F,11/07/2025,19:00,Davidson,85,True,True,atlantic-10,Washington St.,69,False,False,wcc
6506430,/game/6506430,F,11/07/2025,19:00,Stetson,106,True,True,asun,Fort Lauderdale,77,False,False,
6506439,/game/6506439,F,11/07/2025,19:00,George Mason,96,True,True,atlantic-10,Winthrop,90,False,False,big-south
6530761,/game/6530761,F,11/07/2025,19:00,Duquesne,92,True,True,atlantic-10,Sacred Heart,80,False,False,maac
6501642,/game/6501642,F,11/07/2025,19:30,UConn,110,True,True,big-east,UMass Lowell,47,False,False,america-east
6502207,/game/6502207,F,11/07/2025,19:30,Fordham,106,True,True,atlantic-10,Mt. St. Mary (NY),37,False,False,skyline
6503374,/game/6503374,F,11/07/2025,19:30,Georgia Tech,74,True,True,acc,Bryant,45,False,False,america-east
6504507,/game/6504507,F,11/07/2025,19:30,Ole Miss,86,True,True,sec,ULM,65,False,False,sun-belt
6506092,/game/6506092,F,11/07/2025,19:30,Seton Hall,68,True,True,big-east,Wagner,61,False,False,nec
6506203,/game/6506203,F,11/07/2025,19:30,Miami (OH),129,True,True,mac,Trinity Christian,49,False,False,
6502823,/game/6502823,F,11/07/2025,20:00,Northern Ariz.,87,True,True,big-sky,Justice Col.,55,False,False,
6503697,/game/6503697,F,11/07/2025,20:00,Eastern Ill.,65,True,True,ovc,Nicholls,57,False,False,southland
6504842,/game/6504842,F,11/07/2025,20:00,DePaul,72,True,True,big-east,Stonehill,64,False,False,nec
6505117,/game/6505117,F,11/07/2025,20:00,Missouri,89,True,True,sec,Southeast Mo. St.,84,False,False,ovc
6505138,/game/6505138,F,11/07/2025,20:00,Northern Colo.,101,True,True,big-sky,Colo. Christian,65,False,False,rmac
6505463,/game/6505463,F,11/07/2025,20:00,Southern Ill.,101,True,True,mvc,Kansas City,78,False,False,summit-league
6505847,/game/6505847,F,11/07/2025,20:00,Utah St.,80,True,True,mountain-west,VCU,77,False,False,atlantic-10
6505863,/game/6505863,F,11/07/2025,20:00,Murray St.,108,True,True,mvc,Mississippi Val.,60,False,False,swac
6505930,/game/6505930,F,11/07/2025,20:00,Texas Tech,98,True,True,big-12,Sam Houston,77,False,False,cusa
6501061,/game/6501061,F,11/07/2025,20:30,Navy,68,True,False,patriot,Yale,97,False,True,ivy-league
6502143,/game/6502143,F,11/07/2025,20:30,Southern Ind.,74,True,False,ovc,VMI,78,False,True,socon
6502185,/game/6502185,F,11/07/2025,20:30,Illinois,113,True,True,big-ten,FGCU,70,False,False,asun
6503841,/game/6503841,F,11/07/2025,20:30,Louisiana,58,True,True,sun-belt,Southeastern La.,52,False,False,southland
6505669,/game/6505669,F,11/07/2025,20:30,Wisconsin,97,True,True,big-ten,NIU,72,False,False,mac
6531168,/game/6531168,F,11/07/2025,20:30,Samford,82,True,True,socon,South Carolina St.,72,False,False,meac
6501006,/game/6501006,F,11/07/2025,21:00,San Diego,68,True,False,wcc,Idaho St.,71,False,True,big-sky
6501491,/game/6501491,F,11/07/2025,21:00,Grand Canyon,81,True,False,mountain-west,Youngstown St.,90,False,True,horizon
6503476,/game/6503476,F,11/07/2025,21:00,Arizona,93,True,True,big-12,Utah Tech,67,False,False,wac
6503648,/game/6503648,F,11/07/2025,21:00,NC State,94,True,True,acc,UAB,70,False,False,american
6505312,/game/6505312,F,11/07/2025,21:00,UTEP,107,True,True,cusa,Western N.M.,70,False,False,lone-star
6506139,/game/6506139,F,11/07/2025,21:00,Idaho,94,True,True,big-sky,Whitman,49,False,False,nwc
6502716,/game/6502716,F,11/07/2025,22:00,Sacramento St.,86,True,True,big-sky,Jessup ,76,False,False,pacwest
6502724,/game/6502724,F,11/07/2025,22:00,Portland St.,122,True,True,big-sky,Northwest Indian,74,False,False,
6503546,/game/6503546,F,11/07/2025,22:00,Oregon St.,76,True,True,wcc,UIC,73,False,False,mvc
6503608,/game/6503608,F,11/07/2025,22:00,Oregon,67,True,True,big-ten,Rice,63,False,False,american
6506393,/game/6506393,F,11/07/2025,22:00,Santa Clara,79,True,True,wcc,McNeese,67,False,False,southland
6500994,/game/6500994,F,11/07/2025,22:30,UCLA,74,True,True,big-ten,Pepperdine,63,False,False,wcc
6501459,/game/6501459,F,11/07/2025,22:30,UC Irvine,61,True,False,big-west,California Baptist,69,False,True,wac
6504764,/game/6504764,F,11/07/2025,22:30,Saint Mary's (CA),87,True,True,wcc,Chattanooga,66,False,False,socon
6501251,/game/6501251,F,11/08/2025,12:00,USC Upstate,105,True,True,big-south,Southern Va.,46,False,False,usa-south
6501650,/game/6501650,F,11/08/2025,12:00,St. John's (NY),96,True,False,big-east,Alabama,103,False,True,sec
6501735,/game/6501735,F,11/08/2025,12:00,Akron,104,True,True,mac,Princeton,69,False,False,ivy-league
6504336,/game/6504336,F,11/08/2025,12:00,Minnesota,95,True,True,big-ten,Alcorn,50,False,False,swac
6501525,/game/6501525,F,11/08/2025,13:00,Saint Joseph's,76,True,True,atlantic-10,Drexel,65,False,False,caa
6501833,/game/6501833,F,11/08/2025,13:00,New Haven,43,True,False,nec,Penn St.,87,False,True,big-ten
6503543,/game/6503543,F,11/08/2025,13:00,Syracuse,83,True,True,acc,Delaware St.,43,False,False,meac
6505106,/game/6505106,F,11/08/2025,13:00,Florida A&M,72,True,False,swac,Kennesaw St.,92,False,True,cusa
6505729,/game/6505729,F,11/08/2025,13:00,Nebraska,96,True,True,big-ten,FIU,66,False,False,cusa
6501704,/game/6501704,F,11/08/2025,13:30,South Fla.,95,True,False,american,George Washington,99,False,True,atlantic-10
6503910,/game/6503910,F,11/08/2025,13:30,Duke,95,True,True,acc,Western Caro.,54,False,False,socon
6501823,/game/6501823,F,11/08/2025,14:00,Tulane,79,True,True,american,Texas St.,71,False,False,sun-belt
6501910,/game/6501910,F,11/08/2025,14:00,Toledo,73,True,False,mac,Marshall,85,False,True,sun-belt
6502271,/game/6502271,F,11/08/2025,14:00,Dayton,77,True,True,atlantic-10,UMBC,71,False,False,america-east
6502326,/game/6502326,F,11/08/2025,14:00,Wofford,86,True,True,socon,Milwaukee,76,False,False,horizon
6504048,/game/6504048,F,11/08/2025,14:00,Binghamton,59,True,False,america-east,Niagara,67,False,True,maac
6504096,/game/6504096,F,11/08/2025,14:00,NJIT,53,True,False,america-east,Fairfield,74,False,True,maac
6505391,/game/6505391,F,11/08/2025,14:00,Saint Peter's,93,True,True,maac,FDU,83,False,False,nec
6529486,/game/6529486,F,11/08/2025,14:00,Central Ark.,110,True,True,asun,Champion Chris.,63,False,False,
6502555,/game/6502555,F,11/08/2025,15:00,Houston,65,True,True,big-12,Towson,48,False,False,caa
6502858,/game/6502858,F,11/08/2025,15:00,Texas,97,True,True,sec,Lafayette,60,False,False,patriot
6503837,/game/6503837,F,11/08/2025,15:00,Memphis,76,True,True,american,San Francisco,70,False,False,wcc
6504180,/game/6504180,F,11/08/2025,15:00,Ga. Southern,93,True,True,sun-belt,UNC Asheville,90,False,False,big-south
6505173,/game/6505173,F,11/08/2025,15:00,Tennessee,95,True,True,sec,Northern Ky.,56,False,False,horizon
6531370,/game/6531370,F,11/08/2025,15:00,Mercyhurst,94,True,True,nec,Penn St.-New Kens.,43,False,False,
6504682,/game/6504682,F,11/08/2025,15:30,La Salle,73,True,True,atlantic-10,Monmouth,60,False,False,caa
6501280,/game/6501280,F,11/08/2025,16:00,Wyoming,92,True,True,mountain-west,Cal St. Fullerton,82,False,False,big-west
6501311,/game/6501311,F,11/08/2025,16:00,Providence,101,True,False,big-east,Virginia Tech,107,False,True,acc
6501565,/game/6501565,F,11/08/2025,16:00,St. Bonaventure,89,True,True,atlantic-10,Canisius,70,False,False,maac
6502285,/game/6502285,F,11/08/2025,16:00,UC Santa Barbara,85,True,True,big-west,San Jose St.,74,False,False,mountain-west
6502347,/game/6502347,F,11/08/2025,16:00,Air Force,54,True,False,mountain-west,Austin Peay,74,False,True,asun
6503103,/game/6503103,F,11/08/2025,16:00,Boise St.,101,True,True,mountain-west,Utah Valley,77,False,False,wac
6503270,/game/6503270,F,11/08/2025,16:00,Norfolk St.,78,True,False,meac,William & Mary,81,False,True,caa
6503357,/game/6503357,F,11/08/2025,16:00,South Alabama,99,True,True,sun-belt,Spring Hill,50,False,False,siac
6503979,/game/6503979,F,11/08/2025,16:00,UCF,93,True,False,big-12,Vanderbilt,105,False,True,sec
6504678,/game/6504678,F,11/08/2025,16:00,UNC Greensboro,90,True,False,socon,Elon,92,False,True,caa
6504685,/game/6504685,F,11/08/2025,16:00,Stanford,91,True,True,acc,Montana,68,False,False,big-sky
6505119,/game/6505119,F,11/08/2025,16:00,Colorado,102,True,True,big-12,Eastern Wash.,97,False,False,big-sky
6505280,/game/6505280,F,11/08/2025,16:00,New Mexico,74,True,True,mountain-west,UT Arlington,56,False,False,wac
6532246,/game/6532246,F,11/08/2025,16:30,UMES,104,True,True,meac,Cheyney,59,False,False,
6501186,/game/6501186,F,11/08/2025,17:00,Stony Brook,71,True,True,caa,Maine,60,False,False,america-east
6501669,/game/6501669,F,11/08/2025,17:00,Fresno St.,82,True,True,mountain-west,Long Beach St.,62,False,False,big-west
6501775,/game/6501775,F,11/08/2025,17:00,Butler,112,True,True,big-east,IU Indy,80,False,False,horizon
6501885,/game/6501885,F,11/08/2025,17:00,High Point,127,True,True,big-south,Averett,52,False,False,odac
6503007,/game/6503007,F,11/08/2025,18:00,Presbyterian,68,True,True,big-south,ETSU,64,False,False,socon
6503455,/game/6503455,F,11/08/2025,18:00,Fla. Atlantic,94,True,True,american,Col. of Charleston,77,False,False,caa
6504530,/game/6504530,F,11/08/2025,18:00,Richmond,87,True,True,atlantic-10,East Carolina,72,False,False,american
6505481,/game/6505481,F,11/08/2025,18:00,Massachusetts,83,True,True,mac,UAlbany,62,False,False,america-east
6501623,/game/6501623,F,11/08/2025,19:00,Wichita St.,105,True,True,american,Prairie View,62,False,False,swac
6501929,/game/6501929,F,11/08/2025,19:00,Tarleton St.,85,True,True,wac,A&M-Corpus Christi,77,False,False,southland
6503427,/game/6503427,F,11/08/2025,19:00,Utah,92,True,True,big-12,Weber St.,89,False,False,big-sky
6504093,/game/6504093,F,11/08/2025,19:00,Michigan St.,69,True,True,big-ten,Arkansas,66,False,False,sec
6505007,/game/6505007,F,11/08/2025,19:00,Villanova,94,True,True,big-east,Queens (NC),74,False,False,asun
6502282,/game/6502282,F,11/08/2025,19:30,Middle Tenn.,109,True,True,cusa,Webster,56,False,False,sliac
6501368,/game/6501368,F,11/08/2025,20:00,Bradley,85,True,True,mvc,Central Mich.,54,False,False,mac
6502717,/game/6502717,F,11/08/2025,20:00,Missouri St.,106,True,True,cusa,Northwestern Okla.,57,False,False,gac
6503359,/game/6503359,F,11/08/2025,20:00,Kansas St.,98,True,True,big-12,Bellarmine,71,False,False,asun
6504217,/game/6504217,F,11/08/2025,20:00,Oral Roberts,84,True,True,summit-league,John Brown,50,False,False,
6505638,/game/6505638,F,11/08/2025,20:00,Belmont,87,True,True,mvc,Tennessee St.,79,False,False,ovc
6506271,/game/6506271,F,11/08/2025,20:00,St. Thomas (MN),83,True,True,summit-league,Army West Point,76,False,False,patriot
6505217,/game/6505217,F,11/08/2025,20:30,Southern Utah,72,True,False,wac,UTRGV,95,False,True,southland
6501214,/game/6501214,F,11/08/2025,21:00,BYU,98,True,True,big-12,Holy Cross,53,False,False,patriot
6504765,/game/6504765,F,11/08/2025,21:00,UNLV,101,True,True,mountain-west,Chattanooga,69,False,False,socon
6506077,/game/6506077,F,11/08/2025,21:00,LMU (CA),94,True,True,wcc,Ark.-Pine Bluff,72,False,False,swac
6502117,/game/6502117,F,11/08/2025,22:00,UC San Diego,78,True,True,big-west,Houston Christian,60,False,False,southland
6505200,/game/6505200,F,11/08/2025,22:00,Seattle U,71,True,False,wcc,Cal Poly,73,False,True,big-west
6530855,/game/6530855,F,11/08/2025,22:00,Nevada,78,True,True,mountain-west,Pacific,77,False,False,wcc
6501175,/game/6501175,F,11/08/2025,22:30,Gonzaga,83,True,True,wcc,Oklahoma,68,False,False,sec
6501148,/game/6501148,F,11/09/2025,12:00,Harvard,86,True,True,ivy-league,New Hampshire,75,False,False,america-east
6502094,/game/6502094,F,11/09/2025,12:30,Campbell,91,True,True,caa,Western Mich.,82,False,False,mac
6501098,/game/6501098,F,11/09/2025,13:00,James Madison,84,True,True,sun-belt,Coppin St.,70,False,False,meac
6501743,/game/6501743,F,11/09/2025,13:00,App State,76,True,True,sun-belt,N.C. Central,54,False,False,meac
6502517,/game/6502517,F,11/09/2025,13:00,Indiana,100,True,True,big-ten,Marquette,77,False,False,big-east
6503247,/game/6503247,F,11/09/2025,13:00,American,84,True,True,patriot,Penn,78,False,False,ivy-league
6501225,/game/6501225,F,11/09/2025,14:00,Brown,84,True,False,ivy-league,Vermont,89,False,True,america-east
6502545,/game/6502545,F,11/09/2025,14:00,UNI,65,True,True,mvc,South Dakota St.,58,False,False,summit-league
6502770,/game/6502770,F,11/09/2025,14:00,North Dakota,85,True,False,summit-league,CSUN,93,False,True,big-west
6503952,/game/6503952,F,11/09/2025,14:00,Oklahoma St.,87,True,True,big-12,Texas A&M,63,False,False,sec
6505062,/game/6505062,F,11/09/2025,14:00,Purdue Fort Wayne,137,True,True,horizon,Dominican (IL),56,False,False,nacc
6505660,/game/6505660,F,11/09/2025,14:00,Illinois St.,76,True,True,mvc,Cornell,65,False,False,ivy-league
6506267,/game/6506267,F,11/09/2025,14:00,South Dakota,121,True,True,summit-league,Ozark Christian,65,False,False,
6506361,/game/6506361,F,11/09/2025,14:00,Dartmouth,56,True,False,ivy-league,Marist,75,False,True,maac
6506368,/game/6506368,F,11/09/2025,14:00,Georgia,120,True,True,sec,Morehead St.,81,False,False,ovc
6530206,/game/6530206,F,11/09/2025,14:00,Mercer,92,True,True,socon,Lipscomb,77,False,False,asun
6530690,/game/6530690,F,11/09/2025,14:00,Bowling Green,83,True,True,mac,Le Moyne,60,False,False,nec
6502599,/game/6502599,F,11/09/2025,15:00,West Virginia,69,True,True,big-12,Lehigh,47,False,False,patriot
6502809,/game/6502809,F,11/09/2025,15:00,Montana St.,73,True,False,big-sky,Denver,75,False,True,summit-league
6503477,/game/6503477,F,11/09/2025,15:00,Arizona St.,81,True,True,big-12,Utah Tech,66,False,False,wac
6503663,/game/6503663,F,11/09/2025,15:00,Louisiana Tech,93,True,True,cusa,Lyon,35,False,False,sliac
6530937,/game/6530937,F,11/09/2025,16:00,Evansville,76,True,True,mvc,Oakland City,47,False,False,
6503753,/game/6503753,F,11/09/2025,16:30,Missouri,106,True,True,sec,VMI,68,False,False,socon
6501007,/game/6501007,F,11/09/2025,17:00,San Diego St.,73,True,True,mountain-west,Idaho St.,57,False,False,big-sky
6504415,/game/6504415,F,11/09/2025,17:00,North Texas,64,True,True,american,Loyola Chicago,62,False,False,atlantic-10
6505229,/game/6505229,F,11/09/2025,17:00,Portland,67,True,True,wcc,UC Davis,63,False,False,big-west
6502291,/game/6502291,F,11/09/2025,18:00,Liberty,88,True,True,cusa,Fla. Atlantic,68,False,False,american
6504527,/game/6504527,F,11/09/2025,18:00,Colorado St.,97,True,True,mountain-west,Omaha,74,False,False,summit-league
6505489,/game/6505489,F,11/09/2025,18:00,Southern California,114,True,True,big-ten,Manhattan,83,False,False,maac
6505569,/game/6505569,F,11/09/2025,18:00,Howard,70,True,False,meac,Grambling,73,False,True,swac
6505995,/game/6505995,F,11/09/2025,18:30,South Carolina,83,True,True,sec,Southern Miss.,79,False,False,sun-belt
6502540,/game/6502540,F,11/09/2025,19:30,UT Martin,97,True,True,ovc,Ky. Christian,42,False,False,
6504376,/game/6504376,F,11/09/2025,20:30,Baylor,78,True,True,big-12,Washington,69,False,False,big-ten
6503322,/game/6503322,F,11/10/2025,01:00,Hawaii,100,True,True,big-west,East Texas A&M,74,False,False,southland
6502877,/game/6502877,F,11/10/2025,11:30,Hofstra,95,True,True,caa,Molloy,61,False,False,ecc
6502590,/game/6502590,F,11/10/2025,12:00,Green Bay,83,True,True,horizon,Ripon,63,False,False,mwc
6505700,/game/6505700,F,11/10/2025,12:00,Jacksonville St.,114,True,True,cusa,Reinhardt,39,False,False,
6506344,/game/6506344,F,11/10/2025,12:00,Southern U.,115,True,True,swac,Ecclesia,51,False,False,
6501834,/game/6501834,F,11/10/2025,18:00,UMass Lowell,67,True,False,america-east,New Haven,73,False,True,nec
6501643,/game/6501643,F,11/10/2025,18:30,UConn,89,True,True,big-east,Columbia,62,False,False,ivy-league
6502518,/game/6502518,F,11/10/2025,18:30,Youngstown St.,115,True,True,horizon,Penn St.-Shenango,53,False,False,
6504639,/game/6504639,F,11/10/2025,18:30,Furman,89,True,True,socon,Columbia Int'l,59,False,False,
6504782,/game/6504782,F,11/10/2025,18:30,Rutgers,72,True,True,big-ten,Maine,60,False,False,america-east
6505294,/game/6505294,F,11/10/2025,18:30,Niagara,68,True,True,maac,Delaware St.,57,False,False,meac
6501588,/game/6501588,F,11/10/2025,19:00,Kent St.,86,True,True,mac,UNCW,77,False,False,caa
6501857,/game/6501857,F,11/10/2025,19:00,Pittsburgh,78,True,True,acc,Eastern Mich.,66,False,False,mac
6502245,/game/6502245,F,11/10/2025,19:00,Eastern Ky.,79,True,False,asun,Western Ky.,87,False,True,cusa
6502848,/game/6502848,F,11/10/2025,19:00,SIUE,55,True,False,ovc,Indiana St.,64,False,True,mvc
6503538,/game/6503538,F,11/10/2025,19:00,Georgia St.,61,True,False,sun-belt,Presbyterian,63,False,True,big-south
6504099,/game/6504099,F,11/10/2025,19:00,Seton Hall,82,True,True,big-east,Fairfield,59,False,False,maac
6504218,/game/6504218,F,11/10/2025,19:00,Miami (FL),102,True,True,acc,Stetson,61,False,False,asun
6506076,/game/6506076,F,11/10/2025,19:00,The Citadel,86,True,False,socon,Charleston So.,96,False,True,big-south
6506115,/game/6506115,F,11/10/2025,19:00,N.C. A&T,85,True,True,caa,South Carolina St.,62,False,False,meac
6530526,/game/6530526,F,11/10/2025,19:00,Tennessee Tech,118,True,True,ovc,Virginia-Lynchburg,58,False,False,
6532530,/game/6532530,F,11/10/2025,19:00,Robert Morris,93,True,True,horizon,Geneva,47,False,False,pac
6533025,/game/6533025,F,11/10/2025,19:00,Gardner-Webb,81,True,False,big-south,North Greenville,92,False,True,conference-carolinas
6501900,/game/6501900,F,11/10/2025,19:30,Drake,89,True,True,mvc,Simpson,51,False,False,american-rivers
6529568,/game/6529568,F,11/10/2025,19:30,ULM,88,True,True,sun-belt,Rust,55,False,False,
6530389,/game/6530389,F,11/10/2025,19:30,McNeese,132,True,True,southland,Biblical Stud. (TX),50,False,False,
6501037,/game/6501037,F,11/10/2025,20:00,Saint Louis,109,True,True,atlantic-10,Lindenwood,66,False,False,ovc
6502065,/game/6502065,F,11/10/2025,20:00,Milwaukee,92,True,True,horizon,Little Rock,72,False,False,ovc
6503117,/game/6503117,F,11/10/2025,20:00,Iowa St.,96,True,True,big-12,Mississippi St.,80,False,False,sec
6503762,/game/6503762,F,11/10/2025,20:00,LSU,93,True,True,sec,New Orleans,58,False,False,southland
6503894,/game/6503894,F,11/10/2025,20:00,TCU,78,True,True,big-12,Lamar University,65,False,False,southland
6505282,/game/6505282,F,11/10/2025,20:00,UT Arlington,117,True,True,wac,Arlington Baptist,61,False,False,
6505029,/game/6505029,F,11/10/2025,20:30,Northwestern,110,True,True,big-ten,Cleveland St.,63,False,False,horizon
6505632,/game/6505632,F,11/10/2025,20:30,Xavier,68,True,False,big-east,Santa Clara,87,False,True,wcc
6501492,/game/6501492,F,11/10/2025,21:00,Grand Canyon,88,True,True,mountain-west,NIU,59,False,False,mac
6503430,/game/6503430,F,11/10/2025,21:00,Utah,87,True,True,big-12,Holy Cross,69,False,False,patriot
6504610,/game/6504610,F,11/10/2025,21:00,Georgia Tech,70,True,True,acc,Southeastern La.,60,False,False,southland
6506166,/game/6506166,F,11/10/2025,21:30,Washington St.,81,True,True,wcc,St. Thomas (MN),71,False,False,summit-league
6501281,/game/6501281,F,11/10/2025,22:00,California,93,True,True,acc,Cal St. Fullerton,65,False,False,big-west
6504025,/game/6504025,F,11/10/2025,22:00,UC Irvine,130,True,True,big-west,Lincoln (CA),63,False,False,
6504659,/game/6504659,F,11/10/2025,22:00,UCLA,83,True,True,big-ten,West Ga.,62,False,False,asun
6501776,/game/6501776,F,11/11/2025,11:00,IU Indy,121,True,True,horizon,IU Columbus,77,False,False,
6501977,/game/6501977,F,11/11/2025,13:00,Kansas City,91,True,False,summit-league,Iona,105,False,True,maac
6501267,/game/6501267,F,11/11/2025,16:00,Air Force,72,True,False,mountain-west,LIU,76,False,True,nec
6502430,/game/6502430,F,11/11/2025,16:00,Abilene Christian,104,True,True,wac,S'western Adventist,63,False,False,
6501381,/game/6501381,F,11/11/2025,18:00,Morgan St.,79,True,False,meac,UMBC,81,False,True,america-east
6501409,/game/6501409,F,11/11/2025,18:00,Bethune-Cookman,101,True,True,swac,Coastal Ga.,60,False,False,
6531803,/game/6531803,F,11/11/2025,18:00,UIW,109,True,True,southland,Southwestern Christ.,70,False,False,
6502015,/game/6502015,F,11/11/2025,18:30,Ohio St.,75,True,True,big-ten,App State,53,False,False,sun-belt
6502521,/game/6502521,F,11/11/2025,18:30,Michigan,85,True,True,big-ten,Wake Forest,84,False,False,acc
6503011,/game/6503011,F,11/11/2025,18:30,Penn St.,80,True,True,big-ten,Navy,71,False,False,patriot
6504720,/game/6504720,F,11/11/2025,18:30,UAlbany,115,True,True,america-east,SUNY Delhi,52,False,False,north-atlantic
6505480,/game/6505480,F,11/11/2025,18:30,UNC Asheville,69,True,True,big-south,Lipscomb,64,False,False,asun
6501187,/game/6501187,F,11/11/2025,18:31,Stony Brook,107,True,True,caa,St. Joseph's (L.I.),43,False,False,skyline
6501149,/game/6501149,F,11/11/2025,19:00,Harvard,60,True,False,ivy-league,Northeastern,77,False,True,caa
6501204,/game/6501204,F,11/11/2025,19:00,Army West Point,59,True,False,patriot,Duke,114,False,True,acc
6501886,/game/6501886,F,11/11/2025,19:00,High Point,85,True,True,big-south,Jacksonville,64,False,False,asun
6502041,/game/6502041,F,11/11/2025,19:00,Saint Francis,66,True,False,nec,Mount St. Mary's,74,False,True,maac
6502186,/game/6502186,F,11/11/2025,19:00,FGCU,94,True,False,asun,Ga. Southern,95,False,True,sun-belt
6502208,/game/6502208,F,11/11/2025,19:00,Fordham,63,True,True,atlantic-10,Wagner,61,False,False,nec
6502272,/game/6502272,F,11/11/2025,19:00,Cincinnati,74,True,True,big-12,Dayton,62,False,False,atlantic-10
6502317,/game/6502317,F,11/11/2025,19:00,Princeton,73,True,True,ivy-league,Bucknell,63,False,False,patriot
6502473,/game/6502473,F,11/11/2025,19:00,Florida,78,True,True,sec,Florida St.,76,False,False,acc
6502901,/game/6502901,F,11/11/2025,19:00,Temple,90,True,True,american,La Salle,63,False,False,atlantic-10
6502913,/game/6502913,F,11/11/2025,19:00,Colgate,90,True,True,patriot,Drexel,83,False,False,caa
6502921,/game/6502921,F,11/11/2025,19:00,Clemson,83,True,True,acc,Morehead St.,56,False,False,ovc
6502997,/game/6502997,F,11/11/2025,19:00,North Carolina,89,True,True,acc,Radford,74,False,False,big-south
6503092,/game/6503092,F,11/11/2025,19:00,Providence,106,True,True,big-east,Penn,81,False,False,ivy-league
6503271,/game/6503271,F,11/11/2025,19:00,Old Dominion,60,True,True,sun-belt,Norfolk St.,57,False,False,meac
6503362,/game/6503362,F,11/11/2025,19:00,Butler,98,True,True,big-east,Chicago St.,66,False,False,nec
6503423,/game/6503423,F,11/11/2025,19:00,Troy,121,True,True,sun-belt,Pensacola Christian,56,False,False,
6503511,/game/6503511,F,11/11/2025,19:00,Boston College,59,True,False,acc,Central Conn. St.,60,False,True,nec
6503711,/game/6503711,F,11/11/2025,19:00,Maryland,84,True,True,big-ten,Alcorn,64,False,False,swac
6503980,/game/6503980,F,11/11/2025,19:00,UCF,97,True,True,big-12,Florida A&M,60,False,False,swac
6504142,/game/6504142,F,11/11/2025,19:00,Coastal Carolina,72,True,True,sun-belt,Winthrop,66,False,False,big-south
6504261,/game/6504261,F,11/11/2025,19:00,Loyola Maryland,64,True,False,patriot,NJIT,66,False,True,america-east
6504531,/game/6504531,F,11/11/2025,19:00,Richmond,90,True,True,atlantic-10,William & Mary,86,False,False,caa
6504846,/game/6504846,F,11/11/2025,19:00,Rhode Island,80,True,True,atlantic-10,Stonehill,57,False,False,nec
6505009,/game/6505009,F,11/11/2025,19:00,Villanova,94,True,True,big-east,Sacred Heart,60,False,False,maac
6505361,/game/6505361,F,11/11/2025,19:00,North Ala.,87,True,True,asun,Northwestern St.,83,False,False,southland
6505427,/game/6505427,F,11/11/2025,19:00,Charlotte,55,True,False,american,Davidson,62,False,True,atlantic-10
6505601,/game/6505601,F,11/11/2025,19:00,Wright St.,71,True,False,horizon,Toledo,81,False,True,mac
6506308,/game/6506308,F,11/11/2025,19:00,Detroit Mercy,92,True,True,horizon,Cleary,54,False,False,
6531063,/game/6531063,F,11/11/2025,19:00,George Mason,86,True,True,atlantic-10,Catawba,62,False,False,sac
6501062,/game/6501062,F,11/11/2025,19:30,Quinnipiac,60,True,False,maac,Yale,97,False,True,ivy-league
6501340,/game/6501340,F,11/11/2025,19:30,UAB,74,True,False,american,Alabama St.,77,False,True,swac
6501501,/game/6501501,F,11/11/2025,19:30,Notre Dame,78,True,True,acc,Eastern Ill.,58,False,False,ovc
6530278,/game/6530278,F,11/11/2025,19:30,Towson,101,True,True,caa,Wilson,62,False,False,united-east
6501332,/game/6501332,F,11/11/2025,20:00,SMU,102,True,True,acc,Murray St.,91,False,False,mvc
6501695,/game/6501695,F,11/11/2025,20:00,DePaul,53,True,False,big-east,Buffalo,66,False,True,mac
6501824,/game/6501824,F,11/11/2025,20:00,Louisiana,62,True,False,sun-belt,Tulane,66,False,True,american
6501937,/game/6501937,F,11/11/2025,20:00,Tarleton St.,76,True,True,wac,Merrimack,62,False,False,maac
6502329,/game/6502329,F,11/11/2025,20:00,Auburn,93,True,True,sec,Wofford,62,False,False,socon
6502686,/game/6502686,F,11/11/2025,20:00,Louisville,96,True,True,acc,Kentucky,88,False,False,sec
6502772,/game/6502772,F,11/11/2025,20:00,North Dakota St.,90,True,True,summit-league,CSUN,68,False,False,big-west
6503166,/game/6503166,F,11/11/2025,20:00,North Dakota,128,True,True,summit-league,Mayville St.,58,False,False,
6503556,/game/6503556,F,11/11/2025,20:00,UIC,98,True,True,mvc,St. Francis (IL),55,False,False,
6504094,/game/6504094,F,11/11/2025,20:00,Arkansas,93,True,True,sec,Central Ark.,56,False,False,asun
6504937,/game/6504937,F,11/11/2025,20:00,Missouri St.,85,True,False,cusa,Arkansas St.,86,False,True,sun-belt
6505730,/game/6505730,F,11/11/2025,20:00,Nebraska,69,True,True,big-ten,UMES,50,False,False,meac
6505820,/game/6505820,F,11/11/2025,20:00,Rice,69,True,False,american,SFA,81,False,True,southland
6505952,/game/6505952,F,11/11/2025,20:00,Tennessee St.,114,True,True,ovc,Oakwood,76,False,False,
6506240,/game/6506240,F,11/11/2025,20:00,Duquesne,87,True,True,atlantic-10,Queens (NC),81,False,False,asun
6529265,/game/6529265,F,11/11/2025,20:00,Kansas,77,True,True,big-12,A&M-Corpus Christi,46,False,False,southland
6530221,/game/6530221,F,11/11/2025,20:00,Oklahoma,95,True,True,sec,Ark.-Pine Bluff,69,False,False,swac
6504843,/game/6504843,F,11/11/2025,20:30,Wisconsin,86,True,True,big-ten,Ball St.,55,False,False,mac
6505218,/game/6505218,F,11/11/2025,20:30,Southern Utah,118,True,True,wac,Bethesda (CA),60,False,False,
6505537,/game/6505537,F,11/11/2025,20:30,Wyoming,79,True,True,mountain-west,Austin Peay,65,False,False,asun
6505931,/game/6505931,F,11/11/2025,20:30,Illinois,81,True,True,big-ten,Texas Tech,77,False,False,big-12
6501215,/game/6501215,F,11/11/2025,21:00,BYU,85,True,True,big-12,Delaware,68,False,False,cusa
6502457,/game/6502457,F,11/11/2025,21:00,Virginia,91,True,True,acc,Hampton,53,False,False,caa
6502821,/game/6502821,F,11/11/2025,21:00,Arizona,84,True,True,big-12,Northern Ariz.,49,False,False,big-sky
6503105,/game/6503105,F,11/11/2025,21:00,Boise St.,85,True,True,mountain-west,UTRGV,65,False,False,southland
6503902,/game/6503902,F,11/11/2025,21:00,New Mexico,82,True,True,mountain-west,UC Riverside,68,False,False,big-west
6504508,/game/6504508,F,11/11/2025,21:00,Ole Miss,83,True,True,sec,Memphis,77,False,False,american
6504758,/game/6504758,F,11/11/2025,21:00,Pepperdine,113,True,True,wcc,Lincoln (CA),76,False,False,
6505313,/game/6505313,F,11/11/2025,21:00,UTEP,58,True,False,cusa,LMU (CA),71,False,True,wcc
6502006,/game/6502006,F,11/11/2025,21:30,CSU Bakersfield,74,True,True,big-west,Western Ill.,58,False,False,ovc
6530634,/game/6530634,F,11/11/2025,21:30,New Mexico St.,74,True,True,cusa,N.M. Highlands,58,False,False,rmac
6501177,/game/6501177,F,11/11/2025,22:00,Gonzaga,90,True,True,wcc,Creighton,63,False,False,big-east
6502289,/game/6502289,F,11/11/2025,22:00,Sacramento St.,87,True,False,big-sky,UC Santa Barbara,92,False,True,big-west
6503794,/game/6503794,F,11/11/2025,22:00,Saint Mary's (CA),90,True,True,wcc,Ohio,60,False,False,mac
6504688,/game/6504688,F,11/11/2025,22:00,UNLV,93,True,False,mountain-west,Montana,102,False,True,big-sky
6503754,/game/6503754,F,11/12/2025,18:00,VMI,106,True,True,socon,Virginia-Lynchburg,54,False,False,
6504049,/game/6504049,F,11/12/2025,18:30,Georgetown,83,True,True,big-east,Binghamton,70,False,False,america-east
6501099,/game/6501099,F,11/12/2025,19:00,South Fla.,100,True,True,american,Coppin St.,50,False,False,meac
6501226,/game/6501226,F,11/12/2025,19:00,Boston U.,90,True,True,patriot,Brown,77,False,False,ivy-league
6501252,/game/6501252,F,11/12/2025,19:00,USC Upstate,114,True,True,big-south,Bob Jones,53,False,False,
6501312,/game/6501312,F,11/12/2025,19:00,Virginia Tech,94,True,True,acc,Saint Joseph's,59,False,False,atlantic-10
6501313,/game/6501313,F,11/12/2025,19:00,N.C. Central,77,True,True,meac,Bluefield St.,61,False,False,ciaa
6501566,/game/6501566,F,11/12/2025,19:00,Canisius,58,True,True,maac,Mercyhurst,55,False,False,nec
6501705,/game/6501705,F,11/12/2025,19:00,George Washington,107,True,True,atlantic-10,American,67,False,False,patriot
6501736,/game/6501736,F,11/12/2025,19:00,Akron,109,True,True,mac,Penn St.-Shenango,51,False,False,
6502095,/game/6502095,F,11/12/2025,19:00,Western Mich.,83,True,True,mac,Purdue Fort Wayne,71,False,False,horizon
6502392,/game/6502392,F,11/12/2025,19:00,Tennessee,99,True,True,sec,North Florida,66,False,False,asun
6502957,/game/6502957,F,11/12/2025,19:00,St. Bonaventure,75,True,True,atlantic-10,Siena,66,False,False,maac
6502999,/game/6502999,F,11/12/2025,19:00,Indiana,101,True,True,big-ten,Milwaukee,70,False,False,horizon
6503009,/game/6503009,F,11/12/2025,19:00,ETSU,75,True,True,socon,Northern Ky.,63,False,False,horizon
6504073,/game/6504073,F,11/12/2025,19:00,Longwood,82,True,True,big-south,James Madison,72,False,False,sun-belt
6504225,/game/6504225,F,11/12/2025,19:00,Marist,93,True,True,maac,Vassar,61,False,False,liberty-league
6504679,/game/6504679,F,11/12/2025,19:00,Marshall,96,True,True,sun-belt,Elon,89,False,False,caa
6505089,/game/6505089,F,11/12/2025,19:00,South Carolina,81,True,True,sec,Presbyterian,61,False,False,big-south
6505107,/game/6505107,F,11/12/2025,19:00,Kennesaw St.,111,True,True,cusa,Point U.,60,False,False,
6505395,/game/6505395,F,11/12/2025,19:00,VCU,78,True,True,atlantic-10,Saint Peter's,61,False,False,maac
6531650,/game/6531650,F,11/12/2025,19:00,New Hampshire,97,True,True,america-east,Emmanuel (MA),69,False,False,great-northeast
6505054,/game/6505054,F,11/12/2025,19:10,Bellarmine,94,True,True,asun,Hanover,55,False,False,hcac
6505246,/game/6505246,F,11/12/2025,19:30,Southeast Mo. St.,87,True,True,ovc,Webster,41,False,False,sliac
6502066,/game/6502066,F,11/12/2025,20:00,Marquette,89,True,True,big-east,Little Rock,49,False,False,ovc
6502131,/game/6502131,F,11/12/2025,20:00,Houston,78,True,True,big-12,Oakland,45,False,False,horizon
6502148,/game/6502148,F,11/12/2025,20:00,South Dakota,89,True,True,summit-league,Southern Ind.,74,False,False,ovc
6502286,/game/6502286,F,11/12/2025,20:00,Evansville,72,True,False,mvc,Middle Tenn.,77,False,True,cusa
6502384,/game/6502384,F,11/12/2025,20:00,Vanderbilt,92,True,True,sec,Eastern Ky.,62,False,False,asun
6502508,/game/6502508,F,11/12/2025,20:00,Texas St.,80,True,True,sun-belt,UTSA,69,False,False,american
6502859,/game/6502859,F,11/12/2025,20:00,Texas,93,True,True,sec,FDU,58,False,False,nec
6503649,/game/6503649,F,11/12/2025,20:00,NC State,110,True,True,acc,UNC Greensboro,64,False,False,socon
6503954,/game/6503954,F,11/12/2025,20:00,Oklahoma St.,94,True,True,big-12,Prairie View,67,False,False,swac
6504124,/game/6504124,F,11/12/2025,20:00,Oral Roberts,87,True,False,summit-league,Tulsa,88,False,True,american
6504490,/game/6504490,F,11/12/2025,20:00,Valparaiso,68,True,True,mvc,Nicholls,63,False,False,southland
6504794,/game/6504794,F,11/12/2025,20:00,Missouri,83,True,True,sec,Minnesota,60,False,False,big-ten
6504925,/game/6504925,F,11/12/2025,20:00,Utah Valley,91,True,True,wac,Westminster (UT),60,False,False,rmac
6505970,/game/6505970,F,11/12/2025,20:00,North Dakota St.,111,True,True,summit-league,St. Scholastica,38,False,False,miac
6530533,/game/6530533,F,11/12/2025,20:00,Texas Southern,90,True,False,swac,Samford,93,False,True,socon
6502544,/game/6502544,F,11/12/2025,20:30,Bradley,67,True,False,mvc,UT Martin,78,False,True,ovc
6503375,/game/6503375,F,11/12/2025,20:30,Bryant,82,True,True,america-east,Dartmouth,75,False,False,ivy-league
6504528,/game/6504528,F,11/12/2025,21:00,Colorado St.,93,True,True,mountain-west,Cal Poly,79,False,False,big-west
6505453,/game/6505453,F,11/12/2025,21:00,Utah St.,83,True,True,mountain-west,Weber St.,73,False,False,big-sky
6505770,/game/6505770,F,11/12/2025,21:00,Fresno St.,73,True,False,mountain-west,UC San Diego,78,False,True,big-west
6506140,/game/6506140,F,11/12/2025,21:00,San Diego,78,True,True,wcc,Idaho,74,False,False,big-sky
6503478,/game/6503478,F,11/12/2025,21:30,Utah Tech,75,True,False,wac,Manhattan,79,False,True,maac
6530685,/game/6530685,F,11/12/2025,21:30,Oregon,83,True,True,big-ten,South Dakota St.,69,False,False,summit-league
6530940,/game/6530940,F,11/12/2025,21:30,Oregon St.,66,True,True,wcc,North Texas,64,False,False,american
6501670,/game/6501670,F,11/12/2025,22:00,Pacific,69,True,True,wcc,Long Beach St.,66,False,False,big-west
6502726,/game/6502726,F,11/12/2025,22:00,San Francisco,80,True,True,wcc,Portland St.,70,False,False,big-sky
6504835,/game/6504835,F,11/12/2025,22:00,Stanford,77,True,True,acc,Montana St.,68,False,False,big-sky
6505201,/game/6505201,F,11/12/2025,22:00,Seattle U,94,True,True,wcc,Eastern Wash.,67,False,False,big-sky
6530856,/game/6530856,F,11/12/2025,22:00,Nevada,86,True,True,mountain-west,Southern Ill.,81,False,False,mvc
6503323,/game/6503323,F,11/13/2025,00:00,Hawaii,88,True,True,big-west,Mississippi Val.,56,False,False,swac
6501377,/game/6501377,F,11/13/2025,11:00,Central Mich.,64,False,False,mac,South Alabama,66,True,True,sun-belt
6502605,/game/6502605,F,11/13/2025,18:00,West Virginia,71,True,True,big-12,Pittsburgh,49,False,False,acc
6504542,/game/6504542,F,11/13/2025,18:00,Lafayette,78,True,False,patriot,Cornell,97,False,True,ivy-league
6504993,/game/6504993,F,11/13/2025,18:30,Michigan St.,79,True,True,big-ten,San Jose St.,60,False,False,mountain-west
6505479,/game/6505479,F,11/13/2025,18:30,UNC Asheville,92,True,True,big-south,Bryan,54,False,False,
6501621,/game/6501621,F,11/13/2025,19:00,East Carolina,71,True,True,american,Elizabeth City St.,70,False,False,ciaa
6501651,/game/6501651,F,11/13/2025,19:00,Alabama,80,True,False,sec,Purdue,87,False,True,big-ten
6501755,/game/6501755,F,11/13/2025,19:00,Columbia,86,True,True,ivy-league,UMass Lowell,72,False,False,america-east
6502002,/game/6502002,F,11/13/2025,19:00,Tennessee Tech,86,True,True,ovc,Berea,64,False,False,hcac
6502321,/game/6502321,F,11/13/2025,19:00,Princeton,100,True,True,ivy-league,John Jay,59,False,False,cunyac
6503539,/game/6503539,F,11/13/2025,19:00,Georgia St.,90,True,True,sun-belt,Fort Valley St.,56,False,False,siac
6503912,/game/6503912,F,11/13/2025,19:00,Western Caro.,95,True,True,socon,Voorhees,44,False,False,
6504338,/game/6504338,F,11/13/2025,19:00,Howard,72,True,True,meac,Alcorn,64,False,False,swac
6504686,/game/6504686,F,11/13/2025,19:00,Seton Hall,70,True,True,big-east,Monmouth,58,False,False,caa
6505482,/game/6505482,F,11/13/2025,19:00,Massachusetts,94,True,True,mac,Le Moyne,80,False,False,nec
6506117,/game/6506117,F,11/13/2025,19:00,N.C. A&T,89,True,True,caa,Washington Adventist,83,False,False,
6532531,/game/6532531,F,11/13/2025,19:00,Robert Morris,81,True,True,horizon,Pitt.-Greensburg,57,False,False,amcc
6533074,/game/6533074,F,11/13/2025,19:00,Campbell,108,True,True,caa,Mid-Atlantic Christ.,55,False,False,
6501624,/game/6501624,F,11/13/2025,19:30,Wichita St.,95,True,True,american,Loyola Chicago,74,False,False,atlantic-10
6505996,/game/6505996,F,11/13/2025,19:30,Grambling,75,True,True,swac,Southern Miss.,70,False,False,sun-belt
6501067,/game/6501067,F,11/13/2025,20:00,Alabama A&M,68,True,True,swac,Charleston So.,64,False,False,big-south
6502598,/game/6502598,F,11/13/2025,20:00,St. Thomas (MN),80,True,True,summit-league,Green Bay,61,False,False,horizon
6503070,/game/6503070,F,11/13/2025,20:00,Houston Christian,72,True,True,southland,ULM,61,False,False,sun-belt
6505670,/game/6505670,F,11/13/2025,20:00,NIU,117,True,True,mac,Benedictine (IL),62,False,False,nacc
6506031,/game/6506031,F,11/13/2025,20:00,LSU,98,True,True,sec,FIU,81,False,False,cusa
6503212,/game/6503212,F,11/13/2025,21:00,Kansas St.,99,True,True,big-12,California,96,False,False,acc
6504090,/game/6504090,F,11/14/2025,11:00,Central Mich.,82,True,True,mac,Coppin St.,59,False,False,meac
6531204,/game/6531204,F,11/14/2025,14:00,Northwestern St.,95,True,True,southland,Ecclesia,75,False,False,
6503819,/game/6503819,F,11/14/2025,18:00,Navy,97,True,True,patriot,Washington Col.,64,False,False,centennial
6504182,/game/6504182,F,11/14/2025,18:00,Ga. Southern,98,True,True,sun-belt,Johnson C. Smith,79,False,False,ciaa
6501449,/game/6501449,F,11/14/2025,18:30,Charleston So.,77,True,False,big-south,Lindenwood,83,False,True,ovc
6501777,/game/6501777,F,11/14/2025,18:30,Eastern Mich.,83,True,False,mac,IU Indy,90,False,True,horizon
6504786,/game/6504786,F,11/14/2025,18:30,Rutgers,84,True,True,big-ten,Lehigh,72,False,False,patriot
6501341,/game/6501341,F,11/14/2025,19:00,Alabama St.,124,True,True,swac,Virginia-Lynchburg,68,False,False,
6501978,/game/6501978,F,11/14/2025,19:00,Iona,76,True,True,maac,Fordham,71,False,False,atlantic-10
6502548,/game/6502548,F,11/14/2025,19:00,UNI,70,True,True,mvc,Furman,54,False,False,socon
6502687,/game/6502687,F,11/14/2025,19:00,Kentucky,99,True,True,sec,Eastern Ill.,53,False,False,ovc
6502849,/game/6502849,F,11/14/2025,19:00,Duke,100,True,True,acc,Indiana St.,62,False,False,mvc
6502878,/game/6502878,F,11/14/2025,19:00,Bucknell,77,True,False,patriot,Hofstra,83,False,True,caa
6503272,/game/6503272,F,11/14/2025,19:00,Towson,51,True,True,caa,Norfolk St.,41,False,False,meac
6503456,/game/6503456,F,11/14/2025,19:00,Col. of Charleston,88,True,True,caa,South Carolina St.,61,False,False,meac
6503840,/game/6503840,F,11/14/2025,19:00,McNeese,88,True,True,southland,Louisiana,62,False,False,sun-belt
6504100,/game/6504100,F,11/14/2025,19:00,Fairfield,73,True,True,maac,Stonehill,71,False,False,nec
6504144,/game/6504144,F,11/14/2025,19:00,Jacksonville St.,74,True,True,cusa,Coastal Carolina,67,False,False,sun-belt
6505551,/game/6505551,F,11/14/2025,19:00,West Ga.,100,True,True,asun,The Citadel,92,False,False,socon
6506142,/game/6506142,F,11/14/2025,19:00,Rhode Island,80,True,True,atlantic-10,UAlbany,61,False,False,america-east
6501825,/game/6501825,F,11/14/2025,19:30,Tulane,63,True,False,american,New Orleans,85,False,True,southland
6501887,/game/6501887,F,11/14/2025,19:30,UAB,91,True,True,american,High Point,74,False,False,big-south
6501901,/game/6501901,F,11/14/2025,19:30,Drake,59,True,False,mvc,SIUE,61,False,True,ovc
6502007,/game/6502007,F,11/14/2025,19:30,Ole Miss,82,True,True,sec,CSU Bakersfield,60,False,False,big-west
6505491,/game/6505491,F,11/14/2025,19:30,Illinois St.,67,True,False,mvc,Southern California,87,False,True,big-ten
6503227,/game/6503227,F,11/14/2025,20:00,Iowa,81,True,True,big-ten,Xavier,62,False,False,big-east
6503983,/game/6503983,F,11/14/2025,20:00,Texas A&M,74,True,False,sec,UCF,86,False,True,big-12
6504095,/game/6504095,F,11/14/2025,20:00,Arkansas,79,True,True,sec,Samford,75,False,False,socon
6504159,/game/6504159,F,11/14/2025,20:00,Texas Tech,80,True,True,big-12,Milwaukee,63,False,False,horizon
6505139,/game/6505139,F,11/14/2025,20:00,Creighton,84,True,True,big-east,UMES,45,False,False,meac
6505405,/game/6505405,F,11/14/2025,20:00,Rice,71,True,True,american,East Texas A&M,64,False,False,southland
6501227,/game/6501227,F,11/14/2025,20:15,Brown,63,True,False,ivy-league,Hampton,72,False,True,caa
6505742,/game/6505742,F,11/14/2025,20:30,DePaul,79,True,False,big-east,Northwestern,81,False,True,big-ten
6501744,/game/6501744,F,11/14/2025,21:00,North Carolina,97,True,True,acc,N.C. Central,53,False,False,meac
6501931,/game/6501931,F,11/14/2025,21:00,Baylor,94,True,True,big-12,Tarleton St.,81,False,False,wac
6502432,/game/6502432,F,11/14/2025,21:00,SFA,76,True,True,southland,Abilene Christian,66,False,False,wac
6502718,/game/6502718,F,11/14/2025,21:00,UC Davis,77,True,True,big-west,Sacramento St.,73,False,False,big-sky
6502914,/game/6502914,F,11/14/2025,21:00,Illinois,84,True,True,big-ten,Colgate,65,False,False,patriot
6503093,/game/6503093,F,11/14/2025,21:00,Colorado,97,True,True,big-12,Providence,88,False,False,big-east
6503487,/game/6503487,F,11/14/2025,21:00,TCU,63,True,False,big-12,Michigan,67,False,True,big-ten
6504611,/game/6504611,F,11/14/2025,21:00,Georgia,92,True,True,sec,Georgia Tech,87,False,False,acc
6504689,/game/6504689,F,11/14/2025,21:00,Montana,90,True,True,big-sky,Cal Poly,82,False,False,big-west
6503479,/game/6503479,F,11/14/2025,21:30,Mississippi Val.,75,True,False,swac,Utah Tech,81,False,True,wac
6501197,/game/6501197,F,11/14/2025,22:00,UCLA,65,True,False,big-ten,Arizona,69,False,True,big-12
6503424,/game/6503424,F,11/14/2025,22:00,LMU (CA),74,True,True,wcc,Troy,63,False,False,sun-belt
6530942,/game/6530942,F,11/14/2025,22:00,Saint Mary's (CA),80,True,True,wcc,North Texas,49,False,False,american
6501462,/game/6501462,F,11/14/2025,22:30,California Baptist,69,True,True,wac,Western Ill.,59,False,False,ovc
6501178,/game/6501178,F,11/14/2025,23:00,Arizona St.,65,True,False,big-12,Gonzaga,77,False,True,wcc
6505362,/game/6505362,F,11/14/2025,23:00,Washington St.,69,True,False,wcc,Washington,81,False,True,big-ten
6503324,/game/6503324,F,11/15/2025,00:00,Hawaii,86,True,True,big-west,Manhattan,56,False,False,maac
6501696,/game/6501696,F,11/15/2025,11:00,Buffalo,80,True,True,mac,RIT,64,False,False,liberty-league
6504091,/game/6504091,F,11/15/2025,11:00,South Alabama,72,True,True,sun-belt,Coppin St.,62,False,False,meac
6502463,/game/6502463,F,11/15/2025,12:00,Virginia,104,True,True,acc,Marshall,78,False,False,sun-belt
6502922,/game/6502922,F,11/15/2025,12:00,Georgetown,79,True,True,big-east,Clemson,74,False,False,acc
6503342,/game/6503342,F,11/15/2025,12:00,Louisville,106,True,True,acc,Ohio,81,False,False,mac
6501063,/game/6501063,F,11/15/2025,13:00,Yale,86,True,True,ivy-league,Stony Brook,79,False,False,caa
6501553,/game/6501553,F,11/15/2025,13:00,Northeastern,74,True,False,caa,Vermont,85,False,True,america-east
6501835,/game/6501835,F,11/15/2025,13:00,New Haven,65,True,True,nec,Delaware St.,52,False,False,meac
6501911,/game/6501911,F,11/15/2025,13:00,Toledo,90,True,True,mac,Detroit Mercy,83,False,False,horizon
6502187,/game/6502187,F,11/15/2025,13:00,FGCU,91,True,True,asun,Chattanooga,73,False,False,socon
6502459,/game/6502459,F,11/15/2025,13:00,VMI,67,True,False,socon,Jacksonville,69,False,True,asun
6502860,/game/6502860,F,11/15/2025,13:00,Texas,71,True,True,sec,Kansas City,55,False,False,summit-league
6503013,/game/6503013,F,11/15/2025,13:00,La Salle,69,True,False,atlantic-10,Penn St.,83,False,True,big-ten
6505031,/game/6505031,F,11/15/2025,13:00,Kent St.,102,True,True,mac,Cleveland St.,95,False,False,horizon
6505443,/game/6505443,F,11/15/2025,13:00,Boston U.,79,True,False,patriot,Merrimack,91,False,True,maac
6501150,/game/6501150,F,11/15/2025,14:00,Army West Point,52,True,False,patriot,Harvard,75,False,True,ivy-league
6501514,/game/6501514,F,11/15/2025,14:00,Kansas,76,True,True,big-12,Princeton,57,False,False,ivy-league
6502332,/game/6502332,F,11/15/2025,14:00,Bellarmine,86,True,False,asun,Wofford,94,False,True,socon
6502356,/game/6502356,F,11/15/2025,14:00,Air Force,61,True,False,mountain-west,Miami (OH),76,False,True,mac
6502396,/game/6502396,F,11/15/2025,14:00,North Florida,122,True,True,asun,New College (FL),67,False,False,
6502526,/game/6502526,F,11/15/2025,14:00,Marquette,82,True,False,big-east,Maryland,89,False,True,big-ten
6502786,/game/6502786,F,11/15/2025,14:00,Denver,79,True,False,summit-league,UTSA,84,False,True,american
6502902,/game/6502902,F,11/15/2025,14:00,Temple,71,True,False,american,Boston College,76,False,True,acc
6503305,/game/6503305,F,11/15/2025,14:00,SMU,87,True,True,acc,Butler,85,False,False,big-east
6503562,/game/6503562,F,11/15/2025,14:00,Chicago St.,63,True,False,nec,UIC,67,False,True,mvc
6504855,/game/6504855,F,11/15/2025,14:00,Stonehill,63,True,False,nec,Loyola Maryland,74,False,True,patriot
6505063,/game/6505063,F,11/15/2025,14:00,Purdue Fort Wayne,118,True,True,horizon,Boyce,68,False,False,
6505347,/game/6505347,F,11/15/2025,14:00,UNC Greensboro,63,True,False,socon,Austin Peay,69,False,True,asun
6506440,/game/6506440,F,11/15/2025,14:00,Winthrop,105,True,True,big-south,Mercer,69,False,False,socon
6531064,/game/6531064,F,11/15/2025,14:00,George Mason,61,True,True,atlantic-10,New Hampshire,44,False,False,america-east
6502132,/game/6502132,F,11/15/2025,15:00,Oakland,113,True,True,horizon,Defiance,47,False,False,
6502389,/game/6502389,F,11/15/2025,15:00,Vanderbilt,104,True,True,sec,Ark.-Pine Bluff,75,False,False,swac
6503010,/game/6503010,F,11/15/2025,15:00,North Ala.,74,True,False,asun,ETSU,78,False,True,socon
6503111,/game/6503111,F,11/15/2025,15:00,Mississippi St.,75,True,True,sec,Southeastern La.,68,False,False,southland
6504050,/game/6504050,F,11/15/2025,15:00,Longwood,90,True,True,big-south,Binghamton,82,False,False,america-east
6506242,/game/6506242,F,11/15/2025,15:00,Queens (NC),81,True,True,asun,Sacred Heart,64,False,False,maac
6506275,/game/6506275,F,11/15/2025,15:00,Southeast Mo. St.,72,True,False,ovc,St. Thomas (MN),84,False,True,summit-league
6503552,/game/6503552,F,11/15/2025,15:30,Drexel,50,True,False,caa,Syracuse,80,False,True,acc
6504449,/game/6504449,F,11/15/2025,15:30,Radford,59,True,False,big-south,Wright St.,92,False,True,horizon
6501384,/game/6501384,F,11/15/2025,16:00,Mercyhurst,86,True,True,nec,Morgan St.,72,False,False,meac
6502118,/game/6502118,F,11/15/2025,16:00,UC San Diego,75,True,True,big-west,Idaho,67,False,False,big-sky
6502513,/game/6502513,F,11/15/2025,16:00,St. Bonaventure,84,True,True,atlantic-10,Youngstown St.,80,False,False,horizon
6503108,/game/6503108,F,11/15/2025,16:00,Boise St.,62,True,True,mountain-west,Montana St.,58,False,False,big-sky
6503249,/game/6503249,F,11/15/2025,16:00,American,115,True,True,patriot,Central Penn,50,False,False,
6504514,/game/6504514,F,11/15/2025,16:00,NJIT,93,True,True,america-east,FDU,81,False,False,nec
6505314,/game/6505314,F,11/15/2025,16:00,Utah St.,75,True,True,mountain-west,UTEP,51,False,False,cusa
6501282,/game/6501282,F,11/15/2025,17:00,Cal St. Fullerton,73,True,False,big-west,Pacific,85,False,True,wcc
6502522,/game/6502522,F,11/15/2025,17:00,Texas St.,77,True,True,sun-belt,Texas Southern,67,False,False,swac
6503167,/game/6503167,F,11/15/2025,17:00,UC Riverside,74,True,False,big-west,North Dakota,76,False,True,summit-league
6530207,/game/6530207,F,11/15/2025,17:00,Lipscomb,98,True,True,asun,Bryan,53,False,False,
6505753,/game/6505753,F,11/15/2025,17:30,Murray St.,99,True,True,mvc,Nicholls,79,False,False,southland
6501706,/game/6501706,F,11/15/2025,18:00,George Washington,96,True,True,atlantic-10,Old Dominion,73,False,False,sun-belt
6504701,/game/6504701,F,11/15/2025,18:00,St. John's (NY),93,True,True,big-east,William & Mary,60,False,False,caa
6505281,/game/6505281,F,11/15/2025,18:00,UT Arlington,67,True,True,wac,Missouri St.,49,False,False,cusa
6506450,/game/6506450,F,11/15/2025,18:00,Davidson,91,True,True,atlantic-10,Bowling Green,87,False,False,mac
6501216,/game/6501216,F,11/15/2025,19:00,UConn,86,True,True,big-east,BYU,84,False,False,big-12
6501253,/game/6501253,F,11/15/2025,19:00,UNCW,73,True,True,caa,USC Upstate,60,False,False,big-south
6501268,/game/6501268,F,11/15/2025,19:00,LIU,88,True,True,nec,James Madison,79,False,False,sun-belt
6502067,/game/6502067,F,11/15/2025,19:00,Ball St.,62,True,False,mac,Little Rock,68,False,True,ovc
6503664,/game/6503664,F,11/15/2025,19:00,Louisiana Tech,68,True,True,cusa,Jackson St.,51,False,False,swac
6504749,/game/6504749,F,11/15/2025,19:00,Rider,86,True,True,maac,Eastern,54,False,False,mac-commonwealth
6505731,/game/6505731,F,11/15/2025,19:00,Nebraska,105,True,True,big-ten,Oklahoma,99,False,False,sec
6506394,/game/6506394,F,11/15/2025,19:00,Santa Clara,98,True,True,wcc,Nevada,83,False,False,mountain-west
6501410,/game/6501410,F,11/15/2025,19:30,Dayton,91,True,True,atlantic-10,Bethune-Cookman,82,False,False,swac
6506345,/game/6506345,F,11/15/2025,19:30,Southern U.,129,True,True,swac,Champion Chris.,64,False,False,
6501493,/game/6501493,F,11/15/2025,20:00,Saint Louis,78,True,True,atlantic-10,Grand Canyon,64,False,False,mountain-west
6504125,/game/6504125,F,11/15/2025,20:00,Oral Roberts,60,True,False,summit-league,Belmont,83,False,True,mvc
6504680,/game/6504680,F,11/15/2025,20:00,Elon,95,True,True,caa,Gardner-Webb,84,False,False,big-south
6504938,/game/6504938,F,11/15/2025,20:00,Arkansas St.,95,True,True,sun-belt,Christian Brothers,67,False,False,gulf-south
6505010,/game/6505010,F,11/15/2025,20:00,Villanova,87,True,True,big-east,Duquesne,77,False,False,atlantic-10
6505219,/game/6505219,F,11/15/2025,20:00,Omaha,90,True,True,summit-league,Southern Utah,85,False,False,wac
6500993,/game/6500993,F,11/15/2025,21:00,Pepperdine,81,True,False,wcc,Northern Colo.,88,False,True,big-sky
6502603,/game/6502603,F,11/15/2025,21:00,Minnesota,72,True,True,big-ten,Green Bay,65,False,False,horizon
6503431,/game/6503431,F,11/15/2025,21:00,Utah,85,True,True,big-12,Sam Houston,79,False,False,cusa
6505231,/game/6505231,F,11/15/2025,21:00,Wyoming,93,True,True,mountain-west,Portland,56,False,False,wcc
6505265,/game/6505265,F,11/15/2025,21:00,New Mexico St.,76,True,True,cusa,New Mexico,68,False,False,mountain-west
6505918,/game/6505918,F,11/15/2025,21:30,Manhattan,80,True,True,maac,Mississippi Val.,73,False,False,swac
6501008,/game/6501008,F,11/15/2025,22:00,Seattle U,83,True,True,wcc,Idaho St.,74,False,False,big-sky
6503742,/game/6503742,F,11/15/2025,22:00,San Francisco,75,True,True,wcc,Bradley,64,False,False,mvc
6504026,/game/6504026,F,11/15/2025,22:00,UC Irvine,79,True,True,big-west,Weber St.,70,False,False,big-sky
6505771,/game/6505771,F,11/15/2025,22:00,Fresno St.,75,True,True,mountain-west,Utah Valley,74,False,False,wac
6503325,/game/6503325,F,11/16/2025,00:00,Hawaii,68,True,True,big-west,Utah Tech,62,False,False,wac
6504792,/game/6504792,F,11/16/2025,12:00,Dartmouth,77,True,False,ivy-league,App State,85,False,True,sun-belt
6505194,/game/6505194,F,11/16/2025,12:00,Kent St.,76,True,True,mac,Wright St.,72,False,False,horizon
6505939,/game/6505939,F,11/16/2025,12:00,UMBC,71,True,True,america-east,Wagner,70,False,False,nec
6501502,/game/6501502,F,11/16/2025,12:30,Ohio St.,64,True,True,big-ten,Notre Dame,63,False,False,acc
6506369,/game/6506369,F,11/16/2025,12:30,Morehead St.,121,True,True,ovc,Ky. Christian,51,False,False,
6503376,/game/6503376,F,11/16/2025,13:00,Valparaiso,68,True,True,mvc,Bryant,50,False,False,america-east
6503554,/game/6503554,F,11/16/2025,13:00,Hampton,61,True,False,caa,Holy Cross,67,False,True,patriot
6503915,/game/6503915,F,11/16/2025,13:00,Western Caro.,76,True,True,socon,Stetson,65,False,False,asun
6505618,/game/6505618,F,11/16/2025,13:00,Northern Ky.,101,True,True,horizon,Cumberlands (KY),73,False,False,
6501314,/game/6501314,F,11/16/2025,14:00,Virginia Tech,84,True,True,acc,Charlotte,76,False,False,american
6502097,/game/6502097,F,11/16/2025,14:00,South Dakota,83,True,True,summit-league,Western Mich.,78,False,False,mac
6502525,/game/6502525,F,11/16/2025,14:00,Wake Forest,109,True,True,acc,UMass Lowell,75,False,False,america-east
6503512,/game/6503512,F,11/16/2025,14:00,Massachusetts,84,True,True,mac,Central Conn. St.,77,False,False,nec
6503955,/game/6503955,F,11/16/2025,14:00,Oklahoma St.,85,True,True,big-12,A&M-Corpus Christi,69,False,False,southland
6504101,/game/6504101,F,11/16/2025,14:00,Fairfield,85,True,True,maac,Loyola Maryland,82,False,False,patriot
6505108,/game/6505108,F,11/16/2025,14:00,Kennesaw St.,89,True,False,cusa,South Fla.,108,False,True,american
6506252,/game/6506252,F,11/16/2025,14:00,Maine,64,True,False,america-east,Quinnipiac,70,False,True,maac
6529487,/game/6529487,F,11/16/2025,14:00,Central Ark.,77,True,False,asun,Samford,84,False,True,socon
6504450,/game/6504450,F,11/16/2025,14:30,Radford,82,True,False,big-south,Cleveland St.,87,False,True,horizon
6502246,/game/6502246,F,11/16/2025,15:00,Western Ky.,95,True,True,cusa,Tennessee St.,82,False,False,ovc
6502563,/game/6502563,F,11/16/2025,15:00,Auburn,72,True,False,sec,Houston,73,False,True,big-12
6501068,/game/6501068,F,11/16/2025,16:00,Alabama A&M,74,True,True,swac,Lindenwood,65,False,False,ovc
6502154,/game/6502154,F,11/16/2025,16:00,Southern Ind.,91,True,True,ovc,Loras,74,False,False,american-rivers
6502209,/game/6502209,F,11/16/2025,16:00,Fordham,96,True,True,atlantic-10,Manhattanville,62,False,False,skyline
6502719,/game/6502719,F,11/16/2025,16:00,Sacramento St.,64,True,True,big-sky,Presbyterian,62,False,False,big-south
6501151,/game/6501151,F,11/16/2025,17:00,Marist,54,True,False,maac,Harvard,56,False,True,ivy-league
6504417,/game/6504417,F,11/16/2025,17:00,Loyola Chicago,67,True,False,atlantic-10,Colorado St.,80,False,True,mountain-west
6506319,/game/6506319,F,11/16/2025,17:00,Memphis,78,True,False,american,UNLV,92,False,True,mountain-west
6503001,/game/6503001,F,11/16/2025,17:30,Indiana,69,True,True,big-ten,UIW,61,False,False,southland
6502042,/game/6502042,F,11/16/2025,18:00,Cincinnati,72,True,True,big-12,Mount St. Mary's,55,False,False,maac
6501671,/game/6501671,F,11/16/2025,19:00,Long Beach St.,80,True,False,big-west,Illinois St.,82,False,True,mvc
6501737,/game/6501737,F,11/16/2025,19:30,Purdue,97,True,True,big-ten,Akron,79,False,False,mac
6502773,/game/6502773,F,11/16/2025,20:00,CSUN,94,True,True,big-west,Troy,85,False,False,sun-belt
6504219,/game/6504219,F,11/16/2025,20:30,Florida,82,True,True,sec,Miami (FL),68,False,False,acc
6532048,/game/6532048,F,11/17/2025,18:30,Georgia,87,True,True,sec,Florida A&M,57,False,False,swac
6501526,/game/6501526,F,11/17/2025,19:00,Penn,83,True,True,ivy-league,Saint Joseph's,74,False,False,atlantic-10
6501567,/game/6501567,F,11/17/2025,19:00,High Point,93,True,True,big-south,Canisius,50,False,False,maac
6501902,/game/6501902,F,11/17/2025,19:00,Col. of Charleston,62,True,False,caa,Drake,71,False,True,mvc
6502133,/game/6502133,F,11/17/2025,19:00,UCF,87,True,True,big-12,Oakland,83,False,False,horizon
6502293,/game/6502293,F,11/17/2025,19:00,Liberty,98,True,True,cusa,CarolinaU,46,False,False,
6502608,/game/6502608,F,11/17/2025,19:00,West Virginia,81,True,True,big-12,Lafayette,59,False,False,patriot
6502915,/game/6502915,F,11/17/2025,19:00,Siena,69,True,False,maac,Colgate,72,False,True,patriot
6503615,/game/6503615,F,11/17/2025,19:00,Pittsburgh,84,True,True,acc,Bucknell,50,False,False,patriot
6503650,/game/6503650,F,11/17/2025,19:00,NC State,85,True,True,acc,VCU,79,False,False,atlantic-10
6505295,/game/6505295,F,11/17/2025,19:00,Le Moyne,74,True,True,nec,Niagara,68,False,False,maac
6505552,/game/6505552,F,11/17/2025,19:00,Tennessee Tech,59,True,False,ovc,West Ga.,61,False,True,asun
6533650,/game/6533650,F,11/17/2025,19:00,Fla. Atlantic,92,True,True,american,Coastal Ga.,63,False,False,
6503875,/game/6503875,F,11/17/2025,19:30,UAB,112,True,True,american,Rhodes,56,False,False,saa
6503895,/game/6503895,F,11/17/2025,19:30,ULM,66,True,False,sun-belt,Lamar University,79,False,True,southland
6530170,/game/6530170,F,11/17/2025,19:30,UTRGV,110,True,True,southland,S'western Adventist,53,False,False,
6501930,/game/6501930,F,11/17/2025,20:00,Tarleton St.,77,True,True,wac,Angelo St.,54,False,False,lone-star
6502953,/game/6502953,F,11/17/2025,20:00,Wisconsin,94,True,True,big-ten,SIUE,69,False,False,ovc
6503361,/game/6503361,F,11/17/2025,20:00,Kansas St.,84,True,True,big-12,Tulsa,83,False,False,american
6504395,/game/6504395,F,11/17/2025,20:00,Iowa St.,96,True,True,big-12,Stonehill,57,False,False,nec
6504788,/game/6504788,F,11/17/2025,20:00,South Dakota St.,94,True,True,summit-league,Peru St.,46,False,False,
6505123,/game/6505123,F,11/17/2025,20:00,Missouri,91,True,True,sec,Prairie View,73,False,False,swac
6505971,/game/6505971,F,11/17/2025,20:00,North Dakota St.,92,True,True,summit-league,Southern Ill.,85,False,False,mvc
6505177,/game/6505177,F,11/17/2025,20:30,Tennessee,91,True,True,sec,Rice,66,False,False,american
6529625,/game/6529625,F,11/17/2025,20:30,Western Ill.,74,True,True,ovc,Coe,63,False,False,american-rivers
6501179,/game/6501179,F,11/17/2025,21:00,Gonzaga,122,True,True,wcc,Southern Utah,50,False,False,wac
6501342,/game/6501342,F,11/17/2025,21:00,Colorado,94,True,True,big-12,Alabama St.,66,False,False,swac
6502294,/game/6502294,F,11/17/2025,21:00,UC Santa Barbara,74,True,False,big-west,LMU (CA),78,False,True,wcc
6502924,/game/6502924,F,11/17/2025,21:00,Clemson,81,True,True,acc,North Ala.,61,False,False,asun
6503540,/game/6503540,F,11/17/2025,21:00,Arizona St.,75,True,True,big-12,Georgia St.,62,False,False,sun-belt
6502008,/game/6502008,F,11/17/2025,22:00,Portland St.,93,True,True,big-sky,CSU Bakersfield,80,False,False,big-west
6503609,/game/6503609,F,11/17/2025,22:00,Oregon,87,True,True,big-ten,Oregon St.,75,False,False,wcc
6505518,/game/6505518,F,11/17/2025,22:00,San Jose St.,110,True,True,mountain-west,Bethesda (CA),56,False,False,
6505989,/game/6505989,F,11/17/2025,22:30,Eastern Wash.,91,True,True,big-sky,Eastern Ore.,73,False,False,
6501100,/game/6501100,F,11/18/2025,11:00,Coppin St.,103,True,True,meac,Central Penn,62,False,False,
6532259,/game/6532259,F,11/18/2025,12:00,UTSA,103,True,True,american,Southwestern Christ.,70,False,False,
6501697,/game/6501697,F,11/18/2025,18:30,Buffalo,94,True,True,mac,Vermont,90,False,False,america-east
6502692,/game/6502692,F,11/18/2025,18:30,Kentucky,66,True,False,sec,Michigan St.,83,False,True,big-ten
6503250,/game/6503250,F,11/18/2025,18:30,Rutgers,80,True,True,big-ten,American,71,False,False,patriot
6506143,/game/6506143,F,11/18/2025,18:30,UAlbany,106,True,True,america-east,Paul Smiths,57,False,False,
6501228,/game/6501228,F,11/18/2025,19:00,Brown,68,True,True,ivy-league,Holy Cross,49,False,False,patriot
6501385,/game/6501385,F,11/18/2025,19:00,Morgan St.,73,True,False,meac,N.C. A&T,79,False,True,caa
6501590,/game/6501590,F,11/18/2025,19:00,UNCW,85,True,True,caa,East Carolina,60,False,False,american
6501756,/game/6501756,F,11/18/2025,19:00,Columbia,54,True,True,ivy-league,Boston U.,49,False,False,patriot
6501778,/game/6501778,F,11/18/2025,19:00,Charleston So.,103,True,True,big-south,IU Indy,91,False,False,horizon
6501836,/game/6501836,F,11/18/2025,19:00,Seton Hall,68,True,True,big-east,New Haven,45,False,False,nec
6501859,/game/6501859,F,11/18/2025,19:00,Detroit Mercy,62,True,False,horizon,Eastern Mich.,72,False,True,mac
6501979,/game/6501979,F,11/18/2025,19:00,Iona,89,True,True,maac,Princeton,69,False,False,ivy-league
6502359,/game/6502359,F,11/18/2025,19:00,Florida St.,87,True,True,acc,UT Martin,73,False,False,ovc
6502462,/game/6502462,F,11/18/2025,19:00,George Mason,79,True,True,atlantic-10,Jacksonville,57,False,False,asun
6502998,/game/6502998,F,11/18/2025,19:00,North Carolina,73,True,True,acc,Navy,61,False,False,patriot
6503094,/game/6503094,F,11/18/2025,19:00,Providence,98,True,True,big-east,New Hampshire,66,False,False,america-east
6503558,/game/6503558,F,11/18/2025,19:00,Boston College,63,True,True,acc,Hampton,52,False,False,caa
6504074,/game/6504074,F,11/18/2025,19:00,James Madison,81,True,True,sun-belt,Towson,75,False,False,caa
6504189,/game/6504189,F,11/18/2025,19:00,Drexel,75,True,True,caa,NJIT,43,False,False,america-east
6504315,/game/6504315,F,11/18/2025,19:00,Delaware,81,True,True,cusa,Saint Peter's,70,False,False,maac
6504451,/game/6504451,F,11/18/2025,19:00,South Carolina,87,True,True,sec,Radford,58,False,False,big-south
6504813,/game/6504813,F,11/18/2025,19:00,Xavier,99,True,True,big-east,Old Dominion,69,False,False,sun-belt
6506032,/game/6506032,F,11/18/2025,19:00,FIU,104,True,True,cusa,Fort Lauderdale,80,False,False,
6506052,/game/6506052,F,11/18/2025,19:00,Lehigh,79,True,True,patriot,Saint Francis,62,False,False,nec
6506289,/game/6506289,F,11/18/2025,19:00,FDU,100,True,True,nec,Saint Elizabeth,58,False,False,atlantic-east
6529578,/game/6529578,F,11/18/2025,19:00,Dartmouth,113,True,True,ivy-league,Me.-Augusta,68,False,False,
6531396,/game/6531396,F,11/18/2025,19:00,Longwood,82,True,False,big-south,UMES,83,False,True,meac
6533125,/game/6533125,F,11/18/2025,19:00,Delaware St.,88,True,True,meac,Cheyney,70,False,False,
6533492,/game/6533492,F,11/18/2025,19:00,Kent St.,93,True,True,mac,Eastern Ky.,78,False,False,asun
6501316,/game/6501316,F,11/18/2025,19:30,N.C. Central,123,True,True,meac,Toccoa Falls,67,False,False,
6502247,/game/6502247,F,11/18/2025,19:30,Western Ky.,97,True,True,cusa,Bethel (TN),67,False,False,
6504184,/game/6504184,F,11/18/2025,19:30,Georgia Tech,68,True,True,acc,Ga. Southern,66,False,False,sun-belt
6501064,/game/6501064,F,11/18/2025,20:00,Yale,77,True,False,ivy-league,Rhode Island,86,False,True,atlantic-10
6501203,/game/6501203,F,11/18/2025,20:00,Cornell,86,True,True,ivy-league,Army West Point,73,False,False,patriot
6501333,/game/6501333,F,11/18/2025,20:00,Murray St.,89,True,True,mvc,Little Rock,68,False,False,ovc
6502437,/game/6502437,F,11/18/2025,20:00,Texas St.,63,True,True,sun-belt,Abilene Christian,49,False,False,wac
6502551,/game/6502551,F,11/18/2025,20:00,UNI,70,True,True,mvc,NIU,57,False,False,mac
6502824,/game/6502824,F,11/18/2025,20:00,Northern Ariz.,108,True,True,big-sky,Embry-Riddle (AZ),79,False,False,
6503306,/game/6503306,F,11/18/2025,20:00,SMU,106,True,True,acc,Ark.-Pine Bluff,60,False,False,swac
6504097,/game/6504097,F,11/18/2025,20:00,Arkansas,84,True,True,sec,Winthrop,83,False,False,big-south
6504126,/game/6504126,F,11/18/2025,20:00,Oral Roberts,84,True,True,summit-league,Haskell,64,False,False,
6504340,/game/6504340,F,11/18/2025,20:00,LSU,107,True,True,sec,Alcorn,81,False,False,swac
6504509,/game/6504509,F,11/18/2025,20:00,Ole Miss,72,True,True,sec,Austin Peay,65,False,False,asun
6504690,/game/6504690,F,11/18/2025,20:00,Texas A&M,86,True,True,sec,Montana,81,False,False,big-sky
6504795,/game/6504795,F,11/18/2025,20:00,Minnesota,66,True,True,big-ten,Chicago St.,54,False,False,nec
6505283,/game/6505283,F,11/18/2025,20:00,Evansville,76,True,False,mvc,UT Arlington,84,False,True,wac
6505743,/game/6505743,F,11/18/2025,20:00,DePaul,93,True,True,big-east,Gardner-Webb,62,False,False,big-south
6501972,/game/6501972,F,11/18/2025,20:30,Southern Miss.,82,True,True,sun-belt,William Carey,59,False,False,
6503228,/game/6503228,F,11/18/2025,20:30,Iowa,99,True,True,big-ten,Southeast Mo. St.,70,False,False,ovc
6500995,/game/6500995,F,11/18/2025,21:00,Pepperdine,90,True,True,wcc,New Orleans,79,False,False,southland
6501515,/game/6501515,F,11/18/2025,21:00,Duke,78,True,True,acc,Kansas,66,False,False,big-12
6501625,/game/6501625,F,11/18/2025,21:00,Boise St.,62,True,True,mountain-west,Wichita St.,59,False,False,american
6502861,/game/6502861,F,11/18/2025,21:00,Texas,99,True,True,sec,Rider,65,False,False,maac
6503433,/game/6503433,F,11/18/2025,21:00,Utah,85,True,True,big-12,Purdue Fort Wayne,77,False,False,horizon
6504687,/game/6504687,F,11/18/2025,21:00,Syracuse,78,True,True,acc,Monmouth,73,False,False,caa
6505772,/game/6505772,F,11/18/2025,21:00,Fresno St.,80,True,True,mountain-west,SFA,78,False,False,southland
6530291,/game/6530291,F,11/18/2025,21:00,San Diego,78,True,True,wcc,Grambling,68,False,False,swac
6505363,/game/6505363,F,11/18/2025,21:30,Washington,99,True,True,big-ten,Southern U.,93,False,False,swac
6501009,/game/6501009,F,11/18/2025,22:00,Santa Clara,64,True,True,wcc,Idaho St.,55,False,False,big-sky
6501463,/game/6501463,F,11/18/2025,22:00,California Baptist,80,True,True,wac,UC Riverside,57,False,False,big-west
6503213,/game/6503213,F,11/18/2025,22:00,California,67,True,True,acc,Presbyterian,57,False,False,big-south
6503262,/game/6503262,F,11/18/2025,22:00,San Diego St.,107,True,False,mountain-west,Troy,108,False,True,sun-belt
6503842,/game/6503842,F,11/18/2025,22:00,Stanford,93,True,True,acc,Louisiana,66,False,False,sun-belt
6505264,/game/6505264,F,11/18/2025,22:00,San Francisco,84,True,True,wcc,Northwestern St.,64,False,False,southland
6505837,/game/6505837,F,11/18/2025,22:00,Nevada,71,True,False,mountain-west,UC Davis,75,False,True,big-west
6502720,/game/6502720,F,11/18/2025,22:30,UCLA,79,True,True,big-ten,Sacramento St.,48,False,False,big-sky
6501343,/game/6501343,F,11/19/2025,18:00,Air Force,66,True,True,mountain-west,Alabama St.,64,False,False,swac
6504051,/game/6504051,F,11/19/2025,18:07,Binghamton,69,True,True,america-east,Misericordia,58,False,False,mac-freedom
6501152,/game/6501152,F,11/19/2025,18:30,Penn St.,84,True,True,big-ten,Harvard,80,False,False,ivy-league
6502292,/game/6502292,F,11/19/2025,18:30,Michigan,86,True,True,big-ten,Middle Tenn.,61,False,False,cusa
6504640,/game/6504640,F,11/19/2025,18:30,Furman,79,True,True,socon,Ohio Christian,44,False,False,
6501198,/game/6501198,F,11/19/2025,19:00,UConn,67,True,False,big-east,Arizona,71,False,True,big-12
6501254,/game/6501254,F,11/19/2025,19:00,USC Upstate,84,True,False,big-south,Tennessee Tech,88,False,True,ovc
6501315,/game/6501315,F,11/19/2025,19:00,Virginia Tech,78,True,True,acc,Bryant,61,False,False,america-east
6501411,/game/6501411,F,11/19/2025,19:00,Ohio,73,True,False,mac,Bethune-Cookman,76,False,True,swac
6501503,/game/6501503,F,11/19/2025,19:00,Notre Dame,86,True,True,acc,Bellarmine,79,False,False,asun
6501707,/game/6501707,F,11/19/2025,19:00,George Washington,89,True,True,atlantic-10,UMBC,52,False,False,america-east
6501912,/game/6501912,F,11/19/2025,19:00,Toledo,92,True,True,mac,Youngstown St.,75,False,False,horizon
6502043,/game/6502043,F,11/19/2025,19:00,Maryland,95,True,True,big-ten,Mount St. Mary's,90,False,False,maac
6502335,/game/6502335,F,11/19/2025,19:00,Wofford,86,True,True,socon,North Florida,78,False,False,asun
6502850,/game/6502850,F,11/19/2025,19:00,Indiana St.,60,True,True,mvc,Louisiana Tech,51,False,False,cusa
6502879,/game/6502879,F,11/19/2025,19:00,Temple,81,True,True,american,Hofstra,76,False,False,caa
6503755,/game/6503755,F,11/19/2025,19:00,Richmond,87,True,True,atlantic-10,VMI,54,False,False,socon
6504491,/game/6504491,F,11/19/2025,19:00,Cleveland St.,75,True,False,horizon,Valparaiso,90,False,True,mvc
6504702,/game/6504702,F,11/19/2025,19:00,Bowling Green,74,True,False,mac,William & Mary,82,False,True,caa
6504766,/game/6504766,F,11/19/2025,19:00,South Carolina St.,66,True,False,meac,Chattanooga,78,False,True,socon
6505011,/game/6505011,F,11/19/2025,19:00,La Salle,55,True,False,atlantic-10,Villanova,70,False,True,big-east
6505571,/game/6505571,F,11/19/2025,19:00,Stetson,64,True,True,asun,Howard,60,False,False,meac
6505701,/game/6505701,F,11/19/2025,19:00,Jacksonville St.,65,True,False,cusa,South Alabama,71,False,True,sun-belt
6506078,/game/6506078,F,11/19/2025,19:00,The Citadel,70,True,True,socon,North Greenville,57,False,False,conference-carolinas
6506094,/game/6506094,F,11/19/2025,19:00,Southeastern La.,71,True,True,southland,William Carey,45,False,False,
6529199,/game/6529199,F,11/19/2025,19:00,Duquesne,92,True,True,atlantic-10,Loyola Maryland,78,False,False,patriot
6531169,/game/6531169,F,11/19/2025,19:00,Samford,62,True,False,socon,FGCU,77,False,True,asun
6531257,/game/6531257,F,11/19/2025,19:00,Quinnipiac,112,True,True,maac,CCNY,52,False,False,cunyac
6502274,/game/6502274,F,11/19/2025,19:30,Marquette,71,True,False,big-east,Dayton,77,False,True,atlantic-10
6503917,/game/6503917,F,11/19/2025,19:30,Western Caro.,80,True,True,socon,UNC Asheville,73,False,False,big-south
6505406,/game/6505406,F,11/19/2025,19:30,East Texas A&M,115,True,True,southland,Dallas Christian,44,False,False,
6506132,/game/6506132,F,11/19/2025,19:30,Sam Houston,78,True,True,cusa,Wyoming,70,False,False,mountain-west
6506251,/game/6506251,F,11/19/2025,19:30,Merrimack,72,True,True,maac,Maine,65,False,False,america-east
6502875,/game/6502875,F,11/19/2025,20:00,Eastern Ill.,62,True,True,ovc,Tiffin,50,False,False,g-mac
6503168,/game/6503168,F,11/19/2025,20:00,Creighton,75,True,True,big-east,North Dakota,60,False,False,summit-league
6503744,/game/6503744,F,11/19/2025,20:00,Bradley,87,True,True,mvc,UMass Lowell,77,False,False,america-east
6503956,/game/6503956,F,11/19/2025,20:00,Oklahoma St.,103,True,True,big-12,South Fla.,95,False,False,american
6504027,/game/6504027,F,11/19/2025,20:00,Utah Valley,79,True,True,wac,UC Irvine,72,False,False,big-west
6505464,/game/6505464,F,11/19/2025,20:00,TCU,81,True,True,big-12,Kansas City,45,False,False,summit-league
6505972,/game/6505972,F,11/19/2025,20:00,North Dakota St.,82,True,True,summit-league,Jamestown,67,False,False,nsic
6533272,/game/6533272,F,11/19/2025,20:00,Omaha,96,True,True,summit-league,Concordia (NE),80,False,False,
6505639,/game/6505639,F,11/19/2025,20:30,Belmont,75,True,True,mvc,Lipscomb,68,False,False,asun
6503839,/game/6503839,F,11/19/2025,21:00,UTEP,84,True,True,cusa,St. Thomas (TX),83,False,False,scac
6504473,/game/6504473,F,11/19/2025,21:00,Auburn,112,True,True,sec,Jackson St.,66,False,False,swac
6506073,/game/6506073,F,11/19/2025,21:00,Illinois,86,True,False,big-ten,Alabama,90,False,True,sec
6501672,/game/6501672,F,11/19/2025,22:00,Long Beach St.,87,True,True,big-west,Nobel,54,False,False,
6502728,/game/6502728,F,11/19/2025,22:00,Portland St.,90,True,True,big-sky,Evergreen St.,61,False,False,
6504607,/game/6504607,F,11/19/2025,22:00,Weber St.,91,True,True,big-sky,Campbell,85,False,False,caa
6504939,/game/6504939,F,11/19/2025,22:00,Saint Mary's (CA),85,True,True,wcc,Arkansas St.,72,False,False,sun-belt
6505220,/game/6505220,F,11/19/2025,23:00,Washington St.,98,True,True,wcc,Southern Utah,74,False,False,wac
6502161,/game/6502161,F,11/20/2025,12:30,Southern Ind.,81,True,False,ovc,UIW,87,False,True,southland
6501888,/game/6501888,F,11/20/2025,14:30,UIC,80,True,False,mvc,High Point,90,False,True,big-south
6505829,/game/6505829,F,11/20/2025,16:00,Marshall,98,True,True,sun-belt,Ark.-Pine Bluff,70,False,False,swac
6501038,/game/6501038,F,11/20/2025,18:00,Indiana,73,True,True,big-ten,Lindenwood,53,False,False,ovc
6502237,/game/6502237,F,11/20/2025,18:00,Purdue,80,True,True,big-ten,Memphis,71,False,False,american
6505565,/game/6505565,F,11/20/2025,18:00,Nobel,55,True,False,,Montana St.,92,False,True,big-sky
6531861,/game/6531861,F,11/20/2025,18:00,St. Bonaventure,75,True,True,atlantic-10,Robert Morris,61,False,False,horizon
6501188,/game/6501188,F,11/20/2025,18:31,Stony Brook,80,True,True,caa,Brown,70,False,False,ivy-league
6501269,/game/6501269,F,11/20/2025,19:00,Fordham,69,True,True,atlantic-10,LIU,53,False,False,nec
6501369,/game/6501369,F,11/20/2025,19:00,Central Mich.,66,True,False,mac,Northern Ky.,90,False,True,horizon
6502327,/game/6502327,F,11/20/2025,19:00,Princeton,70,True,True,ivy-league,Northeastern,57,False,False,caa
6502394,/game/6502394,F,11/20/2025,19:00,Vanderbilt,109,True,True,sec,Texas Southern,74,False,False,swac
6502916,/game/6502916,F,11/20/2025,19:00,Cornell,95,True,True,ivy-league,Colgate,94,False,False,patriot
6503066,/game/6503066,F,11/20/2025,19:00,Delaware St.,66,True,True,meac,Kean,64,False,False,njac
6503229,/game/6503229,F,11/20/2025,19:00,Iowa,93,True,True,big-ten,Chicago St.,54,False,False,nec
6503618,/game/6503618,F,11/20/2025,19:00,St. John's (NY),97,True,True,big-east,Bucknell,49,False,False,patriot
6503986,/game/6503986,F,11/20/2025,19:00,UCF,77,True,True,big-12,Pittsburgh,67,False,False,acc
6504220,/game/6504220,F,11/20/2025,19:00,Miami (FL),99,True,True,acc,Elon,72,False,False,caa
6505178,/game/6505178,F,11/20/2025,19:00,Tennessee,89,True,True,sec,Tennessee St.,60,False,False,ovc
6505348,/game/6505348,F,11/20/2025,19:00,Queens (NC),101,True,True,asun,UNC Greensboro,94,False,False,socon
6505602,/game/6505602,F,11/20/2025,19:00,Wright St.,100,True,True,horizon,Ohio Wesleyan,47,False,False,ncac
6505740,/game/6505740,F,11/20/2025,19:00,New Mexico,72,True,False,mountain-west,Nebraska,84,False,True,big-ten
6506204,/game/6506204,F,11/20/2025,19:00,Miami (OH),76,True,True,mac,Mercyhurst,71,False,False,nec
6533637,/game/6533637,F,11/20/2025,19:00,Fla. Atlantic,82,True,True,american,Pacific,59,False,False,wcc
6501938,/game/6501938,F,11/20/2025,20:00,Rice,74,True,False,american,Tarleton St.,90,False,True,wac
6502096,/game/6502096,F,11/20/2025,20:00,Ohio St.,91,True,True,big-ten,Western Mich.,58,False,False,mac
6502937,/game/6502937,F,11/20/2025,20:00,Illinois St.,93,True,True,mvc,Rockford,48,False,False,nacc
6503075,/game/6503075,F,11/20/2025,20:00,Houston Christian,85,True,True,southland,Biblical Stud. (TX),67,False,False,
6505124,/game/6505124,F,11/20/2025,20:00,Missouri,102,True,True,sec,South Dakota,68,False,False,summit-league
6529488,/game/6529488,F,11/20/2025,20:00,North Texas,74,True,True,american,Central Ark.,56,False,False,asun
6530222,/game/6530222,F,11/20/2025,20:00,Oklahoma,95,True,True,sec,Oral Roberts,71,False,False,summit-league
6505932,/game/6505932,F,11/20/2025,20:30,Texas Tech,84,True,True,big-12,Wake Forest,83,False,False,acc
6502576,/game/6502576,F,11/20/2025,21:00,Houston,91,True,True,big-12,Rider,45,False,False,maac
6503434,/game/6503434,F,11/20/2025,21:00,Utah,85,True,False,big-12,Cal Poly,92,False,True,big-west
6503119,/game/6503119,F,11/20/2025,21:30,Kansas St.,98,True,True,big-12,Mississippi St.,77,False,False,sec
6501527,/game/6501527,F,11/20/2025,22:00,UNLV,99,True,True,mountain-west,Saint Joseph's,85,False,False,atlantic-10
6503425,/game/6503425,F,11/20/2025,22:00,Southern California,107,True,True,big-ten,Troy,106,False,False,sun-belt
