sequence_number,type,description,away_score,home_score,period,clock,scoring_play,team_id,timestamp_utc
1,Bol Dengdit vs Babatunde Durodola (UC San Diego gains possession),Bol Dengdit vs Babatunde Durodola (UC San Diego gains possession),0,0,1,20:00,False,0,2025-11-25T00:19:22.783824
2,Jumper by UC San Diego's Aidan Burke,Jumper by UC San Diego's Aidan Burke,0,3,1,19:39,False,1442,2025-11-25T00:19:22.783894
3,Assist by UC San Diego's Emanuel Prospere II,Assist by UC San Diego's Emanuel Prospere II,0,3,1,19:39,False,1442,2025-11-25T00:19:22.783897
4,Jumper MISSED by Temple's Aiden Tobiason,Jumper MISSED by Temple's Aiden Tobiason,0,3,1,19:07,False,2011,2025-11-25T00:19:22.783899
5,Defensive rebound by UC San Diego's Emanuel Prospere II,Defensive rebound by UC San Diego's Emanuel Prospere II,0,3,1,19:03,False,1442,2025-11-25T00:19:22.783901
6,Jumper MISSED by UC San Diego's Bol Dengdit,Jumper MISSED by UC San Diego's Bol Dengdit,0,3,1,18:48,False,1442,2025-11-25T00:19:22.783902
7,Defensive rebound by Temple's Gavin Griffiths,Defensive rebound by Temple's Gavin Griffiths,0,3,1,18:43,False,2011,2025-11-25T00:19:22.783904
8,Jumper MISSED by Temple's Jordan Mason,Jumper MISSED by Temple's Jordan Mason,0,3,1,18:18,False,2011,2025-11-25T00:19:22.783905
9,Defensive rebound by UC San Diego's Bol Dengdit,Defensive rebound by UC San Diego's Bol Dengdit,0,3,1,18:15,False,1442,2025-11-25T00:19:22.783907
10,Layup MISSED by UC San Diego's Emanuel Prospere II,Layup MISSED by UC San Diego's Emanuel Prospere II,0,3,1,18:04,False,1442,2025-11-25T00:19:22.783908
11,Defensive rebound by Temple's Gavin Griffiths,Defensive rebound by Temple's Gavin Griffiths,0,3,1,18:02,False,2011,2025-11-25T00:19:22.783910
12,Jumper MISSED by Temple's Derrian Ford,Jumper MISSED by Temple's Derrian Ford,0,3,1,17:44,False,2011,2025-11-25T00:19:22.783911
13,Defensive rebound by UC San Diego's Bol Dengdit,Defensive rebound by UC San Diego's Bol Dengdit,0,3,1,17:40,False,1442,2025-11-25T00:19:22.783912
14,Jumper by UC San Diego's Tom Beattie,Jumper by UC San Diego's Tom Beattie,0,6,1,17:34,False,1442,2025-11-25T00:19:22.783914
15,Assist by UC San Diego's Emanuel Prospere II,Assist by UC San Diego's Emanuel Prospere II,0,6,1,17:34,False,1442,2025-11-25T00:19:22.783915
16,Jumper MISSED by Temple's Gavin Griffiths,Jumper MISSED by Temple's Gavin Griffiths,0,6,1,17:16,False,2011,2025-11-25T00:19:22.783917
17,Offensive rebound by Temple's Jordan Mason,Offensive rebound by Temple's Jordan Mason,0,6,1,17:12,False,2011,2025-11-25T00:19:22.783918
18,Layup by Temple's Jordan Mason,Layup by Temple's Jordan Mason,2,6,1,17:11,False,2011,2025-11-25T00:19:22.783920
19,Jumper MISSED by UC San Diego's Tom Beattie,Jumper MISSED by UC San Diego's Tom Beattie,2,6,1,16:49,False,1442,2025-11-25T00:19:22.783921
20,Offensive rebound by UC San Diego's Tom Beattie,Offensive rebound by UC San Diego's Tom Beattie,2,6,1,16:46,False,1442,2025-11-25T00:19:22.783923
21,Jumper MISSED by UC San Diego's Tom Beattie,Jumper MISSED by UC San Diego's Tom Beattie,2,6,1,16:45,False,1442,2025-11-25T00:19:22.783924
22,Defensive rebound by Temple's Jordan Mason,Defensive rebound by Temple's Jordan Mason,2,6,1,16:42,False,2011,2025-11-25T00:19:22.783925
23,Personal Foul on UC San Diego's Leo Beath (Derrian Ford draws the foul),Personal Foul on UC San Diego's Leo Beath (Derrian Ford draws the foul),2,6,1,16:40,False,1442,2025-11-25T00:19:22.783927
24,Free Throw  by Temple's Derrian Ford,Free Throw  by Temple's Derrian Ford,3,6,1,16:40,False,2011,2025-11-25T00:19:22.783929
25,Subbing out for UC San Diego-Emanuel Prospere II,Subbing out for UC San Diego-Emanuel Prospere II,3,6,1,16:40,False,1442,2025-11-25T00:19:22.783931
26,Subbing out for UC San Diego-Bol Dengdit,Subbing out for UC San Diego-Bol Dengdit,3,6,1,16:40,False,1442,2025-11-25T00:19:22.783932
27,Subbing in for UC San Diego-Hudson Mayes,Subbing in for UC San Diego-Hudson Mayes,3,6,1,16:40,False,1442,2025-11-25T00:19:22.783934
28,Subbing in for UC San Diego-Cade Pendleton,Subbing in for UC San Diego-Cade Pendleton,3,6,1,16:40,False,1442,2025-11-25T00:19:22.783935
29,Subbing out for Temple-Babatunde Durodola,Subbing out for Temple-Babatunde Durodola,3,6,1,16:40,False,2011,2025-11-25T00:19:22.783937
30,Subbing in for Temple-Spencer Mahoney,Subbing in for Temple-Spencer Mahoney,3,6,1,16:40,False,2011,2025-11-25T00:19:22.783938
31,Free Throw  by Temple's Derrian Ford,Free Throw  by Temple's Derrian Ford,4,6,1,16:40,False,2011,2025-11-25T00:19:22.783940
32,2 Pointer by UC San Diego's Tom Beattie,2 Pointer by UC San Diego's Tom Beattie,4,8,1,16:09,False,1442,2025-11-25T00:19:22.783941
33,Personal Foul on UC San Diego's Tom Beattie (Derrian Ford draws the foul),Personal Foul on UC San Diego's Tom Beattie (Derrian Ford draws the foul),4,8,1,15:50,False,1442,2025-11-25T00:19:22.783943
34,Commercial time out.,Commercial time out.,4,8,1,15:50,False,0,2025-11-25T00:19:22.783944
35,Jumper by Temple's Gavin Griffiths,Jumper by Temple's Gavin Griffiths,7,8,1,15:35,False,2011,2025-11-25T00:19:22.783946
36,Jumper by UC San Diego's Aidan Burke,Jumper by UC San Diego's Aidan Burke,7,11,1,15:21,False,1442,2025-11-25T00:19:22.783947
37,Assist by UC San Diego's Tom Beattie,Assist by UC San Diego's Tom Beattie,7,11,1,15:21,False,1442,2025-11-25T00:19:22.783949
38,Offensive foul by Temple's Spencer Mahoney,Offensive foul by Temple's Spencer Mahoney,7,11,1,15:05,False,2011,2025-11-25T00:19:22.783950
39,Offensive turnover by Temple's Spencer Mahoney,Offensive turnover by Temple's Spencer Mahoney,7,11,1,15:05,False,2011,2025-11-25T00:19:22.783952
40,Subbing out for UC San Diego-Tom Beattie,Subbing out for UC San Diego-Tom Beattie,7,11,1,15:05,False,1442,2025-11-25T00:19:22.783953
41,Subbing out for UC San Diego-Aidan Burke,Subbing out for UC San Diego-Aidan Burke,7,11,1,15:05,False,1442,2025-11-25T00:19:22.783954
42,Subbing in for UC San Diego-Emanuel Prospere II,Subbing in for UC San Diego-Emanuel Prospere II,7,11,1,15:05,False,1442,2025-11-25T00:19:22.783956
43,Subbing in for UC San Diego-Alex Chaikin,Subbing in for UC San Diego-Alex Chaikin,7,11,1,15:05,False,1442,2025-11-25T00:19:22.783957
44,Layup by UC San Diego's Leo Beath,Layup by UC San Diego's Leo Beath,7,13,1,14:47,False,1442,2025-11-25T00:19:22.783958
45,Jumper MISSED by Temple's Spencer Mahoney,Jumper MISSED by Temple's Spencer Mahoney,7,13,1,14:34,False,2011,2025-11-25T00:19:22.783960
46,Defensive rebound by UC San Diego's Hudson Mayes,Defensive rebound by UC San Diego's Hudson Mayes,7,13,1,14:30,False,1442,2025-11-25T00:19:22.783961
47,Turnover by UC San Diego 's Leo Beath,Turnover by UC San Diego 's Leo Beath,7,13,1,14:11,False,1442,2025-11-25T00:19:22.783963
48,Steal by Temple's Jordan Mason,Steal by Temple's Jordan Mason,7,13,1,14:11,False,2011,2025-11-25T00:19:22.783964
49,Jumper MISSED by Temple's Gavin Griffiths,Jumper MISSED by Temple's Gavin Griffiths,7,13,1,14:04,False,2011,2025-11-25T00:19:22.783965
50,Offensive rebound by Temple's Temple,Offensive rebound by Temple's Temple,7,13,1,14:01,False,2011,2025-11-25T00:19:22.783967
51,Subbing out for Temple-Derrian Ford,Subbing out for Temple-Derrian Ford,7,13,1,14:01,False,2011,2025-11-25T00:19:22.783968
52,Subbing in for Temple-Masiah Gilyard,Subbing in for Temple-Masiah Gilyard,7,13,1,14:01,False,2011,2025-11-25T00:19:22.783970
53,Layup by Temple's Masiah Gilyard,Layup by Temple's Masiah Gilyard,9,13,1,13:52,False,2011,2025-11-25T00:19:22.783971
54,Personal Foul on UC San Diego's Hudson Mayes (Masiah Gilyard draws the foul),Personal Foul on UC San Diego's Hudson Mayes (Masiah Gilyard draws the foul),9,13,1,13:52,False,1442,2025-11-25T00:19:22.783973
55,Free Throw  by Temple's Masiah Gilyard,Free Throw  by Temple's Masiah Gilyard,10,13,1,13:52,False,2011,2025-11-25T00:19:22.783974
56,Subbing out for Temple-Gavin Griffiths,Subbing out for Temple-Gavin Griffiths,10,13,1,13:52,False,2011,2025-11-25T00:19:22.783976
57,Subbing in for Temple-AJ Smith,Subbing in for Temple-AJ Smith,10,13,1,13:52,False,2011,2025-11-25T00:19:22.783977
58,Personal Foul on Temple's AJ Smith (Cade Pendleton draws the foul),Personal Foul on Temple's AJ Smith (Cade Pendleton draws the foul),10,13,1,13:39,False,2011,2025-11-25T00:19:22.783978
59,Subbing out for Temple-Spencer Mahoney,Subbing out for Temple-Spencer Mahoney,10,13,1,13:39,False,2011,2025-11-25T00:19:22.783980
60,Subbing in for Temple-Jamai Felt,Subbing in for Temple-Jamai Felt,10,13,1,13:39,False,2011,2025-11-25T00:19:22.783981
61,Jumper MISSED by UC San Diego's Cade Pendleton,Jumper MISSED by UC San Diego's Cade Pendleton,10,13,1,13:36,False,1442,2025-11-25T00:19:22.783982
62,Defensive rebound by Temple's AJ Smith,Defensive rebound by Temple's AJ Smith,10,13,1,13:32,False,2011,2025-11-25T00:19:22.783984
63,Layup MISSED by Temple's AJ Smith,Layup MISSED by Temple's AJ Smith,10,13,1,13:28,False,2011,2025-11-25T00:19:22.783985
64,Offensive rebound by Temple's Jamai Felt,Offensive rebound by Temple's Jamai Felt,10,13,1,13:25,False,2011,2025-11-25T00:19:22.783987
65,Layup by Temple's Jamai Felt,Layup by Temple's Jamai Felt,12,13,1,13:24,False,2011,2025-11-25T00:19:22.783988
66,Jumper by UC San Diego's Alex Chaikin,Jumper by UC San Diego's Alex Chaikin,12,16,1,13:13,False,1442,2025-11-25T00:19:22.783990
67,Assist by UC San Diego's Emanuel Prospere II,Assist by UC San Diego's Emanuel Prospere II,12,16,1,13:13,False,1442,2025-11-25T00:19:22.783991
68,Layup MISSED by Temple's Jordan Mason,Layup MISSED by Temple's Jordan Mason,12,16,1,12:44,False,2011,2025-11-25T00:19:22.783993
69,Defensive rebound by UC San Diego's Cade Pendleton,Defensive rebound by UC San Diego's Cade Pendleton,12,16,1,12:42,False,1442,2025-11-25T00:19:22.783994
70,Turnover by UC San Diego 's Leo Beath,Turnover by UC San Diego 's Leo Beath,12,16,1,12:36,False,1442,2025-11-25T00:19:22.783995
71,Steal by Temple's Jordan Mason,Steal by Temple's Jordan Mason,12,16,1,12:36,False,2011,2025-11-25T00:19:22.783997
72,Layup by Temple's Aiden Tobiason,Layup by Temple's Aiden Tobiason,14,16,1,12:30,False,2011,2025-11-25T00:19:22.783998
73,Jumper MISSED by UC San Diego's Alex Chaikin,Jumper MISSED by UC San Diego's Alex Chaikin,14,16,1,12:23,False,1442,2025-11-25T00:19:22.783999
74,Defensive rebound by Temple's Jamai Felt,Defensive rebound by Temple's Jamai Felt,14,16,1,12:19,False,2011,2025-11-25T00:19:22.784001
75,Jumper by Temple's AJ Smith,Jumper by Temple's AJ Smith,17,16,1,12:15,False,2011,2025-11-25T00:19:22.784003
76,Assist by Temple's Jamai Felt,Assist by Temple's Jamai Felt,17,16,1,12:15,False,2011,2025-11-25T00:19:22.784004
77,Personal Foul on Temple's Jamai Felt (Emanuel Prospere II draws the foul),Personal Foul on Temple's Jamai Felt (Emanuel Prospere II draws the foul),17,16,1,11:56,False,2011,2025-11-25T00:19:22.784005
78,Subbing out for UC San Diego-Hudson Mayes,Subbing out for UC San Diego-Hudson Mayes,17,16,1,11:56,False,1442,2025-11-25T00:19:22.784008
79,Subbing out for UC San Diego-Cade Pendleton,Subbing out for UC San Diego-Cade Pendleton,17,16,1,11:56,False,1442,2025-11-25T00:19:22.784010
80,Subbing out for UC San Diego-Leo Beath,Subbing out for UC San Diego-Leo Beath,17,16,1,11:56,False,1442,2025-11-25T00:19:22.784011
81,Subbing in for UC San Diego-Bol Dengdit,Subbing in for UC San Diego-Bol Dengdit,17,16,1,11:56,False,1442,2025-11-25T00:19:22.784012
82,Subbing in for UC San Diego-Tom Beattie,Subbing in for UC San Diego-Tom Beattie,17,16,1,11:56,False,1442,2025-11-25T00:19:22.784014
83,Subbing in for UC San Diego-Jaden Vance,Subbing in for UC San Diego-Jaden Vance,17,16,1,11:56,False,1442,2025-11-25T00:19:22.784015
84,Subbing out for Temple-Jordan Mason,Subbing out for Temple-Jordan Mason,17,16,1,11:56,False,2011,2025-11-25T00:19:22.784017
85,Subbing in for Temple-Derrian Ford,Subbing in for Temple-Derrian Ford,17,16,1,11:56,False,2011,2025-11-25T00:19:22.784018
86,Free Throw  by UC San Diego's Emanuel Prospere II,Free Throw  by UC San Diego's Emanuel Prospere II,17,17,1,11:56,False,1442,2025-11-25T00:19:22.784020
87,Free Throw  by UC San Diego's Emanuel Prospere II,Free Throw  by UC San Diego's Emanuel Prospere II,17,18,1,11:56,False,1442,2025-11-25T00:19:22.784021
88,Jumper by Temple's Derrian Ford,Jumper by Temple's Derrian Ford,19,18,1,11:44,False,2011,2025-11-25T00:19:22.784023
89,Jumper MISSED by UC San Diego's Emanuel Prospere II,Jumper MISSED by UC San Diego's Emanuel Prospere II,19,18,1,11:16,False,1442,2025-11-25T00:19:22.784024
90,Defensive rebound by Temple's Temple,Defensive rebound by Temple's Temple,19,18,1,11:14,False,2011,2025-11-25T00:19:22.784026
91,Personal Foul on UC San Diego's Bol Dengdit (Derrian Ford draws the foul),Personal Foul on UC San Diego's Bol Dengdit (Derrian Ford draws the foul),19,18,1,10:53,False,1442,2025-11-25T00:19:22.784027
92,Free Throw MISSED  by Temple's Derrian Ford,Free Throw MISSED  by Temple's Derrian Ford,19,18,1,10:53,False,2011,2025-11-25T00:19:22.784028
93,Temple gets a rebound from a dead ball.,Temple gets a rebound from a dead ball.,19,18,1,10:53,False,2011,2025-11-25T00:19:22.784030
94,Subbing out for Temple-Aiden Tobiason,Subbing out for Temple-Aiden Tobiason,19,18,1,10:53,False,2011,2025-11-25T00:19:22.784031
95,Subbing in for Temple-Jordan Mason,Subbing in for Temple-Jordan Mason,19,18,1,10:53,False,2011,2025-11-25T00:19:22.784033
96,Free Throw  by Temple's Derrian Ford,Free Throw  by Temple's Derrian Ford,20,18,1,10:53,False,2011,2025-11-25T00:19:22.784034
97,Jumper by UC San Diego's Alex Chaikin,Jumper by UC San Diego's Alex Chaikin,20,21,1,10:35,False,1442,2025-11-25T00:19:22.784035
98,Assist by UC San Diego's Emanuel Prospere II,Assist by UC San Diego's Emanuel Prospere II,20,21,1,10:35,False,1442,2025-11-25T00:19:22.784037
99,Personal Foul on UC San Diego's Tom Beattie (Jordan Mason draws the foul),Personal Foul on UC San Diego's Tom Beattie (Jordan Mason draws the foul),20,21,1,10:20,False,1442,2025-11-25T00:19:22.784038
100,Subbing out for Temple-Jamai Felt,Subbing out for Temple-Jamai Felt,20,21,1,10:20,False,2011,2025-11-25T00:19:22.784039
101,Subbing in for Temple-Babatunde Durodola,Subbing in for Temple-Babatunde Durodola,20,21,1,10:20,False,2011,2025-11-25T00:19:22.784041
102,Jumper by Temple's Jordan Mason,Jumper by Temple's Jordan Mason,23,21,1,10:06,False,2011,2025-11-25T00:19:22.784042
103,Assist by Temple's AJ Smith,Assist by Temple's AJ Smith,23,21,1,10:06,False,2011,2025-11-25T00:19:22.784043
104,Personal Foul on Temple's Jordan Mason (Bol Dengdit draws the foul),Personal Foul on Temple's Jordan Mason (Bol Dengdit draws the foul),23,21,1,09:48,False,2011,2025-11-25T00:19:22.784045
105,Subbing out for UC San Diego-Emanuel Prospere II,Subbing out for UC San Diego-Emanuel Prospere II,23,21,1,09:48,False,1442,2025-11-25T00:19:22.784047
106,Subbing out for UC San Diego-Alex Chaikin,Subbing out for UC San Diego-Alex Chaikin,23,21,1,09:48,False,1442,2025-11-25T00:19:22.784048
107,Subbing in for UC San Diego-Leo Beath,Subbing in for UC San Diego-Leo Beath,23,21,1,09:48,False,1442,2025-11-25T00:19:22.784050
108,Subbing in for UC San Diego-Aidan Burke,Subbing in for UC San Diego-Aidan Burke,23,21,1,09:48,False,1442,2025-11-25T00:19:22.784051
109,Personal Foul on Temple's Jordan Mason (Aidan Burke draws the foul),Personal Foul on Temple's Jordan Mason (Aidan Burke draws the foul),23,21,1,09:31,False,2011,2025-11-25T00:19:22.784053
110,Free Throw  by UC San Diego's Aidan Burke,Free Throw  by UC San Diego's Aidan Burke,23,22,1,09:31,False,1442,2025-11-25T00:19:22.784065
111,Subbing out for Temple-Masiah Gilyard,Subbing out for Temple-Masiah Gilyard,23,22,1,09:31,False,2011,2025-11-25T00:19:22.784066
112,Subbing out for Temple-Jordan Mason,Subbing out for Temple-Jordan Mason,23,22,1,09:31,False,2011,2025-11-25T00:19:22.784067
113,Subbing in for Temple-Gavin Griffiths,Subbing in for Temple-Gavin Griffiths,23,22,1,09:31,False,2011,2025-11-25T00:19:22.784069
114,Subbing in for Temple-Aiden Tobiason,Subbing in for Temple-Aiden Tobiason,23,22,1,09:31,False,2011,2025-11-25T00:19:22.784070
115,Free Throw MISSED  by UC San Diego's Aidan Burke,Free Throw MISSED  by UC San Diego's Aidan Burke,23,22,1,09:30,False,1442,2025-11-25T00:19:22.784072
116,Defensive rebound by Temple's Babatunde Durodola,Defensive rebound by Temple's Babatunde Durodola,23,22,1,09:27,False,2011,2025-11-25T00:19:22.784073
117,Layup by Temple's Aiden Tobiason,Layup by Temple's Aiden Tobiason,25,22,1,09:15,False,2011,2025-11-25T00:19:22.784074
118,Assist by Temple's Babatunde Durodola,Assist by Temple's Babatunde Durodola,25,22,1,09:15,False,2011,2025-11-25T00:19:22.784076
119,Layup MISSED by UC San Diego's Bol Dengdit,Layup MISSED by UC San Diego's Bol Dengdit,25,22,1,08:55,False,1442,2025-11-25T00:19:22.784077
120,Defensive rebound by Temple's AJ Smith,Defensive rebound by Temple's AJ Smith,25,22,1,08:52,False,2011,2025-11-25T00:19:22.784079
121,Personal Foul on UC San Diego's Jaden Vance (AJ Smith draws the foul),Personal Foul on UC San Diego's Jaden Vance (AJ Smith draws the foul),25,22,1,08:49,False,1442,2025-11-25T00:19:22.784081
122,Subbing out for UC San Diego-Jaden Vance,Subbing out for UC San Diego-Jaden Vance,25,22,1,08:49,False,1442,2025-11-25T00:19:22.784082
123,Subbing in for UC San Diego-Alex Chaikin,Subbing in for UC San Diego-Alex Chaikin,25,22,1,08:49,False,1442,2025-11-25T00:19:22.784083
124,Jumper MISSED by Temple's AJ Smith,Jumper MISSED by Temple's AJ Smith,25,22,1,08:42,False,2011,2025-11-25T00:19:22.784085
125,Defensive rebound by UC San Diego's Aidan Burke,Defensive rebound by UC San Diego's Aidan Burke,25,22,1,08:39,False,1442,2025-11-25T00:19:22.784086
126,Jumper by UC San Diego's Leo Beath,Jumper by UC San Diego's Leo Beath,25,25,1,08:32,False,1442,2025-11-25T00:19:22.784087
127,Assist by UC San Diego's Tom Beattie,Assist by UC San Diego's Tom Beattie,25,25,1,08:32,False,1442,2025-11-25T00:19:22.784089
128,Layup MISSED by Temple's Babatunde Durodola,Layup MISSED by Temple's Babatunde Durodola,25,25,1,08:02,False,2011,2025-11-25T00:19:22.784090
129,Defensive rebound by UC San Diego's Leo Beath,Defensive rebound by UC San Diego's Leo Beath,25,25,1,07:59,False,1442,2025-11-25T00:19:22.784092
130,Jumper MISSED by UC San Diego's Bol Dengdit,Jumper MISSED by UC San Diego's Bol Dengdit,25,25,1,07:45,False,1442,2025-11-25T00:19:22.784093
131,Defensive rebound by Temple's Derrian Ford,Defensive rebound by Temple's Derrian Ford,25,25,1,07:41,False,2011,2025-11-25T00:19:22.784095
132,Layup MISSED by Temple's Derrian Ford,Layup MISSED by Temple's Derrian Ford,25,25,1,07:35,False,2011,2025-11-25T00:19:22.784096
133,Defensive rebound by UC San Diego's Alex Chaikin,Defensive rebound by UC San Diego's Alex Chaikin,25,25,1,07:33,False,1442,2025-11-25T00:19:22.784097
134,Jumper by UC San Diego's Leo Beath,Jumper by UC San Diego's Leo Beath,25,28,1,07:25,False,1442,2025-11-25T00:19:22.784099
135,Assist by UC San Diego's Tom Beattie,Assist by UC San Diego's Tom Beattie,25,28,1,07:25,False,1442,2025-11-25T00:19:22.784100
136,Jumper MISSED by Temple's Aiden Tobiason,Jumper MISSED by Temple's Aiden Tobiason,25,28,1,07:01,False,2011,2025-11-25T00:19:22.784101
137,Defensive rebound by UC San Diego's Bol Dengdit,Defensive rebound by UC San Diego's Bol Dengdit,25,28,1,06:57,False,1442,2025-11-25T00:19:22.784103
138,Layup by UC San Diego's Bol Dengdit,Layup by UC San Diego's Bol Dengdit,25,30,1,06:46,False,1442,2025-11-25T00:19:22.784105
139,Assist by UC San Diego's Aidan Burke,Assist by UC San Diego's Aidan Burke,25,30,1,06:46,False,1442,2025-11-25T00:19:22.784106
140,Temple takes a [short] time out.,Temple takes a [short] time out.,25,30,1,06:44,False,2011,2025-11-25T00:19:22.784107
141,Commercial time out.,Commercial time out.,25,30,1,06:44,False,0,2025-11-25T00:19:22.784108
142,Subbing out for UC San Diego-Bol Dengdit,Subbing out for UC San Diego-Bol Dengdit,25,30,1,06:44,False,1442,2025-11-25T00:19:22.784110
143,Subbing out for UC San Diego-Tom Beattie,Subbing out for UC San Diego-Tom Beattie,25,30,1,06:44,False,1442,2025-11-25T00:19:22.784111
144,Subbing in for UC San Diego-Hudson Mayes,Subbing in for UC San Diego-Hudson Mayes,25,30,1,06:44,False,1442,2025-11-25T00:19:22.784113
145,Subbing in for UC San Diego-Emanuel Prospere II,Subbing in for UC San Diego-Emanuel Prospere II,25,30,1,06:44,False,1442,2025-11-25T00:19:22.784114
146,Subbing out for Temple-AJ Smith,Subbing out for Temple-AJ Smith,25,30,1,06:44,False,2011,2025-11-25T00:19:22.784115
147,Subbing out for Temple-Babatunde Durodola,Subbing out for Temple-Babatunde Durodola,25,30,1,06:44,False,2011,2025-11-25T00:19:22.784117
148,Subbing in for Temple-Jamai Felt,Subbing in for Temple-Jamai Felt,25,30,1,06:44,False,2011,2025-11-25T00:19:22.784118
149,Subbing in for Temple-Masiah Gilyard,Subbing in for Temple-Masiah Gilyard,25,30,1,06:44,False,2011,2025-11-25T00:19:22.784120
150,Jumper MISSED by Temple's Gavin Griffiths,Jumper MISSED by Temple's Gavin Griffiths,25,30,1,06:32,False,2011,2025-11-25T00:19:22.784121
151,Defensive rebound by UC San Diego's Hudson Mayes,Defensive rebound by UC San Diego's Hudson Mayes,25,30,1,06:29,False,1442,2025-11-25T00:19:22.784123
152,Layup MISSED by UC San Diego's Leo Beath,Layup MISSED by UC San Diego's Leo Beath,25,30,1,06:01,False,1442,2025-11-25T00:19:22.784124
153,UC San Diego gets a rebound from a dead ball.,UC San Diego gets a rebound from a dead ball.,25,30,1,05:59,False,1442,2025-11-25T00:19:22.784125
154,Turnover by Temple 's Jamai Felt,Turnover by Temple 's Jamai Felt,25,30,1,05:59,False,2011,2025-11-25T00:19:22.784127
155,Turnover by UC San Diego 's Leo Beath,Turnover by UC San Diego 's Leo Beath,25,30,1,05:56,False,1442,2025-11-25T00:19:22.784128
156,Steal by Temple's Gavin Griffiths,Steal by Temple's Gavin Griffiths,25,30,1,05:56,False,2011,2025-11-25T00:19:22.784130
157,Jumper MISSED by Temple's Derrian Ford,Jumper MISSED by Temple's Derrian Ford,25,30,1,05:39,False,2011,2025-11-25T00:19:22.784131
158,Offensive rebound by Temple's Masiah Gilyard,Offensive rebound by Temple's Masiah Gilyard,25,30,1,05:38,False,2011,2025-11-25T00:19:22.784132
159,Personal Foul on UC San Diego's Emanuel Prospere II (Masiah Gilyard draws the foul),Personal Foul on UC San Diego's Emanuel Prospere II (Masiah Gilyard draws the foul),25,30,1,05:38,False,1442,2025-11-25T00:19:22.784134
160,Free Throw  by Temple's Masiah Gilyard,Free Throw  by Temple's Masiah Gilyard,26,30,1,05:38,False,2011,2025-11-25T00:19:22.784135
161,Free Throw  by Temple's Masiah Gilyard,Free Throw  by Temple's Masiah Gilyard,27,30,1,05:38,False,2011,2025-11-25T00:19:22.784137
162,Jumper MISSED by UC San Diego's Leo Beath,Jumper MISSED by UC San Diego's Leo Beath,27,30,1,05:31,False,1442,2025-11-25T00:19:22.784138
163,Defensive rebound by Temple's Jamai Felt,Defensive rebound by Temple's Jamai Felt,27,30,1,05:28,False,2011,2025-11-25T00:19:22.784139
164,Jumper by Temple's Masiah Gilyard,Jumper by Temple's Masiah Gilyard,30,30,1,05:12,False,2011,2025-11-25T00:19:22.784140
165,Assist by Temple's Derrian Ford,Assist by Temple's Derrian Ford,30,30,1,05:12,False,2011,2025-11-25T00:19:22.784142
166,Personal Foul on UC San Diego's Alex Chaikin (Masiah Gilyard draws the foul),Personal Foul on UC San Diego's Alex Chaikin (Masiah Gilyard draws the foul),30,30,1,05:12,False,1442,2025-11-25T00:19:22.784143
167,Free Throw  by Temple's Masiah Gilyard,Free Throw  by Temple's Masiah Gilyard,31,30,1,05:12,False,2011,2025-11-25T00:19:22.784145
168,2 Pointer by UC San Diego's Aidan Burke,2 Pointer by UC San Diego's Aidan Burke,31,32,1,04:57,False,1442,2025-11-25T00:19:22.784147
169,Turnover by Temple 's Gavin Griffiths,Turnover by Temple 's Gavin Griffiths,31,32,1,04:35,False,2011,2025-11-25T00:19:22.784148
170,Steal by UC San Diego's Leo Beath,Steal by UC San Diego's Leo Beath,31,32,1,04:35,False,1442,2025-11-25T00:19:22.784149
171,Jumper MISSED by UC San Diego's Alex Chaikin,Jumper MISSED by UC San Diego's Alex Chaikin,31,32,1,04:29,False,1442,2025-11-25T00:19:22.784151
172,Defensive rebound by Temple's Masiah Gilyard,Defensive rebound by Temple's Masiah Gilyard,31,32,1,04:25,False,2011,2025-11-25T00:19:22.784152
173,Jumper MISSED by Temple's Gavin Griffiths,Jumper MISSED by Temple's Gavin Griffiths,31,32,1,04:08,False,2011,2025-11-25T00:19:22.784153
174,Defensive rebound by UC San Diego's Leo Beath,Defensive rebound by UC San Diego's Leo Beath,31,32,1,04:06,False,1442,2025-11-25T00:19:22.784155
175,Personal Foul on Temple's Aiden Tobiason (Hudson Mayes draws the foul),Personal Foul on Temple's Aiden Tobiason (Hudson Mayes draws the foul),31,32,1,03:52,False,2011,2025-11-25T00:19:22.784156
176,Commercial time out.,Commercial time out.,31,32,1,03:52,False,0,2025-11-25T00:19:22.784158
177,Subbing out for UC San Diego-Emanuel Prospere II,Subbing out for UC San Diego-Emanuel Prospere II,31,32,1,03:52,False,1442,2025-11-25T00:19:22.784159
178,Subbing out for UC San Diego-Leo Beath,Subbing out for UC San Diego-Leo Beath,31,32,1,03:52,False,1442,2025-11-25T00:19:22.784160
179,Subbing out for UC San Diego-Aidan Burke,Subbing out for UC San Diego-Aidan Burke,31,32,1,03:52,False,1442,2025-11-25T00:19:22.784162
180,Subbing in for UC San Diego-Bol Dengdit,Subbing in for UC San Diego-Bol Dengdit,31,32,1,03:52,False,1442,2025-11-25T00:19:22.784163
181,Subbing in for UC San Diego-Tom Beattie,Subbing in for UC San Diego-Tom Beattie,31,32,1,03:52,False,1442,2025-11-25T00:19:22.784165
182,Subbing in for UC San Diego-Trap Johnson,Subbing in for UC San Diego-Trap Johnson,31,32,1,03:52,False,1442,2025-11-25T00:19:22.784166
183,Subbing out for Temple-Gavin Griffiths,Subbing out for Temple-Gavin Griffiths,31,32,1,03:52,False,2011,2025-11-25T00:19:22.784167
184,Subbing out for Temple-Jamai Felt,Subbing out for Temple-Jamai Felt,31,32,1,03:52,False,2011,2025-11-25T00:19:22.784169
185,Subbing in for Temple-AJ Smith,Subbing in for Temple-AJ Smith,31,32,1,03:52,False,2011,2025-11-25T00:19:22.784170
186,Subbing in for Temple-Babatunde Durodola,Subbing in for Temple-Babatunde Durodola,31,32,1,03:52,False,2011,2025-11-25T00:19:22.784171
187,Jumper by UC San Diego's Alex Chaikin,Jumper by UC San Diego's Alex Chaikin,31,35,1,03:50,False,1442,2025-11-25T00:19:22.784173
188,Assist by UC San Diego's Tom Beattie,Assist by UC San Diego's Tom Beattie,31,35,1,03:50,False,1442,2025-11-25T00:19:22.784174
189,Jumper MISSED by Temple's Masiah Gilyard,Jumper MISSED by Temple's Masiah Gilyard,31,35,1,03:25,False,2011,2025-11-25T00:19:22.784176
190,Defensive rebound by UC San Diego's Bol Dengdit,Defensive rebound by UC San Diego's Bol Dengdit,31,35,1,03:19,False,1442,2025-11-25T00:19:22.784177
191,Layup by UC San Diego's Hudson Mayes,Layup by UC San Diego's Hudson Mayes,31,37,1,03:17,False,1442,2025-11-25T00:19:22.784178
192,Assist by UC San Diego's Bol Dengdit,Assist by UC San Diego's Bol Dengdit,31,37,1,03:17,False,1442,2025-11-25T00:19:22.784180
193,Layup MISSED by Temple's AJ Smith,Layup MISSED by Temple's AJ Smith,31,37,1,02:56,False,2011,2025-11-25T00:19:22.784181
194,Defensive rebound by UC San Diego's Tom Beattie,Defensive rebound by UC San Diego's Tom Beattie,31,37,1,02:53,False,1442,2025-11-25T00:19:22.784182
195,2 Pointer by UC San Diego's Bol Dengdit,2 Pointer by UC San Diego's Bol Dengdit,31,39,1,02:42,False,1442,2025-11-25T00:19:22.784184
196,Jumper MISSED by Temple's AJ Smith,Jumper MISSED by Temple's AJ Smith,31,39,1,02:15,False,2011,2025-11-25T00:19:22.784185
197,Offensive rebound by Temple's Masiah Gilyard,Offensive rebound by Temple's Masiah Gilyard,31,39,1,02:12,False,2011,2025-11-25T00:19:22.784187
198,Personal Foul on UC San Diego's Alex Chaikin (Masiah Gilyard draws the foul),Personal Foul on UC San Diego's Alex Chaikin (Masiah Gilyard draws the foul),31,39,1,02:12,False,1442,2025-11-25T00:19:22.784188
199,Subbing out for Temple-AJ Smith,Subbing out for Temple-AJ Smith,31,39,1,02:12,False,2011,2025-11-25T00:19:22.784189
200,Subbing in for Temple-Gavin Griffiths,Subbing in for Temple-Gavin Griffiths,31,39,1,02:12,False,2011,2025-11-25T00:19:22.784191
201,Free Throw  by Temple's Masiah Gilyard,Free Throw  by Temple's Masiah Gilyard,32,39,1,02:12,False,2011,2025-11-25T00:19:22.784192
202,Free Throw MISSED  by Temple's Masiah Gilyard,Free Throw MISSED  by Temple's Masiah Gilyard,32,39,1,02:12,False,2011,2025-11-25T00:19:22.784194
203,Defensive rebound by UC San Diego's Tom Beattie,Defensive rebound by UC San Diego's Tom Beattie,32,39,1,02:11,False,1442,2025-11-25T00:19:22.784195
204,2 Pointer by UC San Diego's Tom Beattie,2 Pointer by UC San Diego's Tom Beattie,32,41,1,02:03,False,1442,2025-11-25T00:19:22.784196
205,Layup by Temple's Babatunde Durodola,Layup by Temple's Babatunde Durodola,34,41,1,01:40,False,2011,2025-11-25T00:19:22.784198
206,Assist by Temple's Gavin Griffiths,Assist by Temple's Gavin Griffiths,34,41,1,01:40,False,2011,2025-11-25T00:19:22.784199
207,Jumper by UC San Diego's Bol Dengdit,Jumper by UC San Diego's Bol Dengdit,34,43,1,01:19,False,1442,2025-11-25T00:19:22.784201
208,Personal Foul on Temple's Masiah Gilyard (Bol Dengdit draws the foul),Personal Foul on Temple's Masiah Gilyard (Bol Dengdit draws the foul),34,43,1,01:19,False,2011,2025-11-25T00:19:22.784202
209,Subbing out for UC San Diego-Tom Beattie,Subbing out for UC San Diego-Tom Beattie,34,43,1,01:18,False,1442,2025-11-25T00:19:22.784203
210,Subbing out for UC San Diego-Alex Chaikin,Subbing out for UC San Diego-Alex Chaikin,34,43,1,01:18,False,1442,2025-11-25T00:19:22.784205
211,Subbing in for UC San Diego-Emanuel Prospere II,Subbing in for UC San Diego-Emanuel Prospere II,34,43,1,01:18,False,1442,2025-11-25T00:19:22.784206
212,Subbing in for UC San Diego-Aidan Burke,Subbing in for UC San Diego-Aidan Burke,34,43,1,01:18,False,1442,2025-11-25T00:19:22.784208
213,Free Throw MISSED  by UC San Diego's Bol Dengdit,Free Throw MISSED  by UC San Diego's Bol Dengdit,34,43,1,01:18,False,1442,2025-11-25T00:19:22.784209
214,Defensive rebound by Temple's Masiah Gilyard,Defensive rebound by Temple's Masiah Gilyard,34,43,1,01:16,False,2011,2025-11-25T00:19:22.784211
215,2 Pointer by Temple's Gavin Griffiths,2 Pointer by Temple's Gavin Griffiths,36,43,1,01:10,False,2011,2025-11-25T00:19:22.784212
216,Layup by UC San Diego's Emanuel Prospere II,Layup by UC San Diego's Emanuel Prospere II,36,45,1,00:54,False,1442,2025-11-25T00:19:22.784213
217,Turnover by Temple 's Derrian Ford,Turnover by Temple 's Derrian Ford,36,45,1,00:39,False,2011,2025-11-25T00:19:22.784215
218,Steal by UC San Diego's Emanuel Prospere II,Steal by UC San Diego's Emanuel Prospere II,36,45,1,00:39,False,1442,2025-11-25T00:19:22.784216
219,Layup by UC San Diego's Trap Johnson,Layup by UC San Diego's Trap Johnson,36,47,1,00:35,False,1442,2025-11-25T00:19:22.784218
220,Assist by UC San Diego's Aidan Burke,Assist by UC San Diego's Aidan Burke,36,47,1,00:35,False,1442,2025-11-25T00:19:22.784219
221,Jumper MISSED by Temple's Derrian Ford,Jumper MISSED by Temple's Derrian Ford,36,47,1,00:00,False,2011,2025-11-25T00:19:22.784220
222,UC San Diego gets a rebound from a dead ball.,UC San Diego gets a rebound from a dead ball.,36,47,1,00:00,False,1442,2025-11-25T00:19:22.784222
223,End of 1st Half.,End of 1st Half.,36,47,1,00:00,False,2011,2025-11-25T00:19:22.784223
224,Subbing out for UC San Diego-Hudson Mayes,Subbing out for UC San Diego-Hudson Mayes,36,47,2,20:00,False,1442,2025-11-25T00:19:22.784225
225,Subbing out for UC San Diego-Trap Johnson,Subbing out for UC San Diego-Trap Johnson,36,47,2,20:00,False,1442,2025-11-25T00:19:22.784226
226,Subbing in for UC San Diego-Leo Beath,Subbing in for UC San Diego-Leo Beath,36,47,2,20:00,False,1442,2025-11-25T00:19:22.784228
227,Subbing in for UC San Diego-Tom Beattie,Subbing in for UC San Diego-Tom Beattie,36,47,2,20:00,False,1442,2025-11-25T00:19:22.784229
228,Subbing out for Temple-Masiah Gilyard,Subbing out for Temple-Masiah Gilyard,36,47,2,20:00,False,2011,2025-11-25T00:19:22.784230
229,Subbing in for Temple-Jordan Mason,Subbing in for Temple-Jordan Mason,36,47,2,20:00,False,2011,2025-11-25T00:19:22.784232
230,Jumper MISSED by Temple's Derrian Ford,Jumper MISSED by Temple's Derrian Ford,36,47,2,19:51,False,2011,2025-11-25T00:19:22.784233
231,Defensive rebound by UC San Diego's Emanuel Prospere II,Defensive rebound by UC San Diego's Emanuel Prospere II,36,47,2,19:47,False,1442,2025-11-25T00:19:22.784235
232,Jumper by UC San Diego's Aidan Burke,Jumper by UC San Diego's Aidan Burke,36,50,2,19:32,False,1442,2025-11-25T00:19:22.784236
233,Assist by UC San Diego's Bol Dengdit,Assist by UC San Diego's Bol Dengdit,36,50,2,19:32,False,1442,2025-11-25T00:19:22.784238
234,Layup by Temple's Gavin Griffiths,Layup by Temple's Gavin Griffiths,38,50,2,19:05,False,2011,2025-11-25T00:19:22.784239
235,Jumper by UC San Diego's Leo Beath,Jumper by UC San Diego's Leo Beath,38,53,2,18:52,False,1442,2025-11-25T00:19:22.784240
236,Assist by UC San Diego's Aidan Burke,Assist by UC San Diego's Aidan Burke,38,53,2,18:52,False,1442,2025-11-25T00:19:22.784242
237,Personal Foul on UC San Diego's Emanuel Prospere II (Babatunde Durodola draws the foul),Personal Foul on UC San Diego's Emanuel Prospere II (Babatunde Durodola draws the foul),38,53,2,18:36,False,1442,2025-11-25T00:19:22.784243
238,Turnover by Temple 's Gavin Griffiths,Turnover by Temple 's Gavin Griffiths,38,53,2,18:34,False,2011,2025-11-25T00:19:22.784245
239,Steal by UC San Diego's Emanuel Prospere II,Steal by UC San Diego's Emanuel Prospere II,38,53,2,18:34,False,1442,2025-11-25T00:19:22.784246
240,Layup by UC San Diego's Bol Dengdit,Layup by UC San Diego's Bol Dengdit,38,55,2,18:18,False,1442,2025-11-25T00:19:22.784247
241,Jumper by Temple's Aiden Tobiason,Jumper by Temple's Aiden Tobiason,40,55,2,17:53,False,2011,2025-11-25T00:19:22.784249
242,Offensive foul by UC San Diego's Bol Dengdit,Offensive foul by UC San Diego's Bol Dengdit,40,55,2,17:33,False,1442,2025-11-25T00:19:22.784250
243,Offensive turnover by UC San Diego's Bol Dengdit,Offensive turnover by UC San Diego's Bol Dengdit,40,55,2,17:33,False,1442,2025-11-25T00:19:22.784251
244,Subbing out for Temple-Jordan Mason,Subbing out for Temple-Jordan Mason,40,55,2,17:33,False,2011,2025-11-25T00:19:22.784253
245,Subbing in for Temple-Masiah Gilyard,Subbing in for Temple-Masiah Gilyard,40,55,2,17:33,False,2011,2025-11-25T00:19:22.784254
246,Jumper by Temple's Gavin Griffiths,Jumper by Temple's Gavin Griffiths,43,55,2,17:14,False,2011,2025-11-25T00:19:22.784256
247,Assist by Temple's Aiden Tobiason,Assist by Temple's Aiden Tobiason,43,55,2,17:14,False,2011,2025-11-25T00:19:22.784257
248,2 Pointer MISSED by UC San Diego's Aidan Burke,2 Pointer MISSED by UC San Diego's Aidan Burke,43,55,2,16:39,False,1442,2025-11-25T00:19:22.784259
249,Block by Temple's Masiah Gilyard,Block by Temple's Masiah Gilyard,43,55,2,16:39,False,2011,2025-11-25T00:19:22.784260
250,Defensive rebound by Temple's Aiden Tobiason,Defensive rebound by Temple's Aiden Tobiason,43,55,2,16:35,False,2011,2025-11-25T00:19:22.784261
251,2 Pointer by Temple's Derrian Ford,2 Pointer by Temple's Derrian Ford,45,55,2,16:34,False,2011,2025-11-25T00:19:22.784263
252,UC San Diego takes a [short] time out.,UC San Diego takes a [short] time out.,45,55,2,16:34,False,1442,2025-11-25T00:19:22.784264
253,Commercial time out.,Commercial time out.,45,55,2,16:34,False,0,2025-11-25T00:19:22.784265
254,Subbing out for UC San Diego-Emanuel Prospere II,Subbing out for UC San Diego-Emanuel Prospere II,45,55,2,16:34,False,1442,2025-11-25T00:19:22.784267
255,Subbing out for UC San Diego-Bol Dengdit,Subbing out for UC San Diego-Bol Dengdit,45,55,2,16:34,False,1442,2025-11-25T00:19:22.784268
256,Subbing in for UC San Diego-Hudson Mayes,Subbing in for UC San Diego-Hudson Mayes,45,55,2,16:34,False,1442,2025-11-25T00:19:22.784269
257,Subbing in for UC San Diego-Cade Pendleton,Subbing in for UC San Diego-Cade Pendleton,45,55,2,16:34,False,1442,2025-11-25T00:19:22.784271
258,Layup by UC San Diego's Cade Pendleton,Layup by UC San Diego's Cade Pendleton,45,57,2,16:09,False,1442,2025-11-25T00:19:22.784273
259,Assist by UC San Diego's Tom Beattie,Assist by UC San Diego's Tom Beattie,45,57,2,16:09,False,1442,2025-11-25T00:19:22.784274
260,Personal Foul on UC San Diego's Cade Pendleton (Babatunde Durodola draws the foul),Personal Foul on UC San Diego's Cade Pendleton (Babatunde Durodola draws the foul),45,57,2,15:53,False,1442,2025-11-25T00:19:22.784276
261,Commercial time out.,Commercial time out.,45,57,2,15:53,False,0,2025-11-25T00:19:22.784277
262,Jumper by Temple's Babatunde Durodola,Jumper by Temple's Babatunde Durodola,47,57,2,15:42,False,2011,2025-11-25T00:19:22.784278
263,2 Pointer MISSED by UC San Diego's Hudson Mayes,2 Pointer MISSED by UC San Diego's Hudson Mayes,47,57,2,15:22,False,1442,2025-11-25T00:19:22.784280
264,Defensive rebound by Temple's Babatunde Durodola,Defensive rebound by Temple's Babatunde Durodola,47,57,2,15:20,False,2011,2025-11-25T00:19:22.784281
265,Jumper MISSED by Temple's Gavin Griffiths,Jumper MISSED by Temple's Gavin Griffiths,47,57,2,15:15,False,2011,2025-11-25T00:19:22.784283
266,Defensive rebound by UC San Diego's Aidan Burke,Defensive rebound by UC San Diego's Aidan Burke,47,57,2,15:11,False,1442,2025-11-25T00:19:22.784284
267,Personal Foul on Temple's Babatunde Durodola (Leo Beath draws the foul),Personal Foul on Temple's Babatunde Durodola (Leo Beath draws the foul),47,57,2,14:49,False,2011,2025-11-25T00:19:22.784285
268,Free Throw  by UC San Diego's Leo Beath,Free Throw  by UC San Diego's Leo Beath,47,58,2,14:49,False,1442,2025-11-25T00:19:22.784287
269,Subbing out for UC San Diego-Tom Beattie,Subbing out for UC San Diego-Tom Beattie,47,58,2,14:49,False,1442,2025-11-25T00:19:22.784288
270,Subbing out for UC San Diego-Aidan Burke,Subbing out for UC San Diego-Aidan Burke,47,58,2,14:49,False,1442,2025-11-25T00:19:22.784290
271,Subbing in for UC San Diego-Emanuel Prospere II,Subbing in for UC San Diego-Emanuel Prospere II,47,58,2,14:49,False,1442,2025-11-25T00:19:22.784291
272,Subbing in for UC San Diego-Alex Chaikin,Subbing in for UC San Diego-Alex Chaikin,47,58,2,14:49,False,1442,2025-11-25T00:19:22.784292
273,Subbing out for Temple-Babatunde Durodola,Subbing out for Temple-Babatunde Durodola,47,58,2,14:49,False,2011,2025-11-25T00:19:22.784294
274,Subbing out for Temple-Derrian Ford,Subbing out for Temple-Derrian Ford,47,58,2,14:49,False,2011,2025-11-25T00:19:22.784295
275,Subbing in for Temple-Ayuba Bryant Jr.,Subbing in for Temple-Ayuba Bryant Jr.,47,58,2,14:49,False,2011,2025-11-25T00:19:22.784297
276,Subbing in for Temple-Jordan Mason,Subbing in for Temple-Jordan Mason,47,58,2,14:49,False,2011,2025-11-25T00:19:22.784298
277,Free Throw  by UC San Diego's Leo Beath,Free Throw  by UC San Diego's Leo Beath,47,59,2,14:49,False,1442,2025-11-25T00:19:22.784300
278,2 Pointer by Temple's Ayuba Bryant Jr.,2 Pointer by Temple's Ayuba Bryant Jr.,49,59,2,14:29,False,2011,2025-11-25T00:19:22.784301
279,Personal Foul on UC San Diego's Cade Pendleton (Ayuba Bryant Jr. draws the foul),Personal Foul on UC San Diego's Cade Pendleton (Ayuba Bryant Jr. draws the foul),49,59,2,14:29,False,1442,2025-11-25T00:19:22.784303
280,Free Throw MISSED  by Temple's Ayuba Bryant Jr.,Free Throw MISSED  by Temple's Ayuba Bryant Jr.,49,59,2,14:29,False,2011,2025-11-25T00:19:22.784304
281,Defensive rebound by UC San Diego's Emanuel Prospere II,Defensive rebound by UC San Diego's Emanuel Prospere II,49,59,2,14:28,False,1442,2025-11-25T00:19:22.784306
282,2 Pointer MISSED by UC San Diego's Hudson Mayes,2 Pointer MISSED by UC San Diego's Hudson Mayes,49,59,2,14:16,False,1442,2025-11-25T00:19:22.784307
283,Defensive rebound by Temple's Ayuba Bryant Jr.,Defensive rebound by Temple's Ayuba Bryant Jr.,49,59,2,14:13,False,2011,2025-11-25T00:19:22.784309
284,Layup MISSED by Temple's Jordan Mason,Layup MISSED by Temple's Jordan Mason,49,59,2,14:02,False,2011,2025-11-25T00:19:22.784310
285,Block by UC San Diego's Cade Pendleton,Block by UC San Diego's Cade Pendleton,49,59,2,14:02,False,1442,2025-11-25T00:19:22.784311
286,Defensive rebound by UC San Diego's Alex Chaikin,Defensive rebound by UC San Diego's Alex Chaikin,49,59,2,13:58,False,1442,2025-11-25T00:19:22.784313
287,2 Pointer by UC San Diego's Emanuel Prospere II,2 Pointer by UC San Diego's Emanuel Prospere II,49,61,2,13:52,False,1442,2025-11-25T00:19:22.784314
288,Jumper MISSED by Temple's Aiden Tobiason,Jumper MISSED by Temple's Aiden Tobiason,49,61,2,13:33,False,2011,2025-11-25T00:19:22.784315
289,Defensive rebound by UC San Diego's Emanuel Prospere II,Defensive rebound by UC San Diego's Emanuel Prospere II,49,61,2,13:30,False,1442,2025-11-25T00:19:22.784317
290,Subbing out for Temple-Aiden Tobiason,Subbing out for Temple-Aiden Tobiason,49,61,2,13:21,False,2011,2025-11-25T00:19:22.784318
291,Subbing in for Temple-Derrian Ford,Subbing in for Temple-Derrian Ford,49,61,2,13:21,False,2011,2025-11-25T00:19:22.784320
292,Layup by UC San Diego's Leo Beath,Layup by UC San Diego's Leo Beath,49,63,2,13:18,False,1442,2025-11-25T00:19:22.784321
293,Assist by UC San Diego's Emanuel Prospere II,Assist by UC San Diego's Emanuel Prospere II,49,63,2,13:18,False,1442,2025-11-25T00:19:22.784322
294,Jumper MISSED by Temple's Gavin Griffiths,Jumper MISSED by Temple's Gavin Griffiths,49,63,2,12:58,False,2011,2025-11-25T00:19:22.784324
295,Defensive rebound by UC San Diego's Alex Chaikin,Defensive rebound by UC San Diego's Alex Chaikin,49,63,2,12:54,False,1442,2025-11-25T00:19:22.784325
296,Layup by UC San Diego's Hudson Mayes,Layup by UC San Diego's Hudson Mayes,49,65,2,12:48,False,1442,2025-11-25T00:19:22.784327
297,Assist by UC San Diego's Emanuel Prospere II,Assist by UC San Diego's Emanuel Prospere II,49,65,2,12:48,False,1442,2025-11-25T00:19:22.784328
298,Temple takes a [short] time out.,Temple takes a [short] time out.,49,65,2,12:46,False,2011,2025-11-25T00:19:22.784329
299,Subbing out for UC San Diego-Hudson Mayes,Subbing out for UC San Diego-Hudson Mayes,49,65,2,12:46,False,1442,2025-11-25T00:19:22.784331
300,Subbing out for UC San Diego-Cade Pendleton,Subbing out for UC San Diego-Cade Pendleton,49,65,2,12:46,False,1442,2025-11-25T00:19:22.784332
301,Subbing out for UC San Diego-Leo Beath,Subbing out for UC San Diego-Leo Beath,49,65,2,12:46,False,1442,2025-11-25T00:19:22.784334
302,Subbing in for UC San Diego-Bol Dengdit,Subbing in for UC San Diego-Bol Dengdit,49,65,2,12:46,False,1442,2025-11-25T00:19:22.784335
303,Subbing in for UC San Diego-Tom Beattie,Subbing in for UC San Diego-Tom Beattie,49,65,2,12:46,False,1442,2025-11-25T00:19:22.784336
304,Subbing in for UC San Diego-Trap Johnson,Subbing in for UC San Diego-Trap Johnson,49,65,2,12:46,False,1442,2025-11-25T00:19:22.784338
305,Subbing out for Temple-Gavin Griffiths,Subbing out for Temple-Gavin Griffiths,49,65,2,12:46,False,2011,2025-11-25T00:19:22.784339
306,Subbing in for Temple-AJ Smith,Subbing in for Temple-AJ Smith,49,65,2,12:46,False,2011,2025-11-25T00:19:22.784340
307,2 Pointer by Temple's Jordan Mason,2 Pointer by Temple's Jordan Mason,51,65,2,12:32,False,2011,2025-11-25T00:19:22.784342
308,Jumper MISSED by UC San Diego's Alex Chaikin,Jumper MISSED by UC San Diego's Alex Chaikin,51,65,2,12:15,False,1442,2025-11-25T00:19:22.784343
309,Defensive rebound by Temple's Jordan Mason,Defensive rebound by Temple's Jordan Mason,51,65,2,12:11,False,2011,2025-11-25T00:19:22.784344
310,Personal Foul on UC San Diego's Trap Johnson (Masiah Gilyard draws the foul),Personal Foul on UC San Diego's Trap Johnson (Masiah Gilyard draws the foul),51,65,2,11:57,False,1442,2025-11-25T00:19:22.784346
311,Commercial time out.,Commercial time out.,51,65,2,11:57,False,0,2025-11-25T00:19:22.784348
312,Free Throw  by Temple's Jordan Mason,Free Throw  by Temple's Jordan Mason,52,65,2,11:57,False,2011,2025-11-25T00:19:22.784349
313,Free Throw  by Temple's Jordan Mason,Free Throw  by Temple's Jordan Mason,53,65,2,11:57,False,2011,2025-11-25T00:19:22.784350
314,Personal Foul on Temple's Ayuba Bryant Jr. (Emanuel Prospere II draws the foul),Personal Foul on Temple's Ayuba Bryant Jr. (Emanuel Prospere II draws the foul),53,65,2,11:43,False,2011,2025-11-25T00:19:22.784352
315,Free Throw MISSED  by UC San Diego's Emanuel Prospere II,Free Throw MISSED  by UC San Diego's Emanuel Prospere II,53,65,2,11:43,False,1442,2025-11-25T00:19:22.784353
316,UC San Diego gets a rebound from a dead ball.,UC San Diego gets a rebound from a dead ball.,53,65,2,11:43,False,1442,2025-11-25T00:19:22.784355
317,Free Throw MISSED  by UC San Diego's Emanuel Prospere II,Free Throw MISSED  by UC San Diego's Emanuel Prospere II,53,65,2,11:43,False,1442,2025-11-25T00:19:22.784356
318,Defensive rebound by Temple's Ayuba Bryant Jr.,Defensive rebound by Temple's Ayuba Bryant Jr.,53,65,2,11:41,False,2011,2025-11-25T00:19:22.784357
319,Jumper MISSED by Temple's Jordan Mason,Jumper MISSED by Temple's Jordan Mason,53,65,2,11:21,False,2011,2025-11-25T00:19:22.784359
320,Defensive rebound by UC San Diego's Trap Johnson,Defensive rebound by UC San Diego's Trap Johnson,53,65,2,11:18,False,1442,2025-11-25T00:19:22.784360
321,Jumper MISSED by UC San Diego's Alex Chaikin,Jumper MISSED by UC San Diego's Alex Chaikin,53,65,2,11:12,False,1442,2025-11-25T00:19:22.784362
322,Defensive rebound by Temple's Ayuba Bryant Jr.,Defensive rebound by Temple's Ayuba Bryant Jr.,53,65,2,11:09,False,2011,2025-11-25T00:19:22.784363
323,Personal Foul on UC San Diego's Bol Dengdit (Ayuba Bryant Jr. draws the foul),Personal Foul on UC San Diego's Bol Dengdit (Ayuba Bryant Jr. draws the foul),53,65,2,11:09,False,1442,2025-11-25T00:19:22.784365
324,Subbing out for UC San Diego-Emanuel Prospere II,Subbing out for UC San Diego-Emanuel Prospere II,53,65,2,11:09,False,1442,2025-11-25T00:19:22.784366
325,Subbing out for UC San Diego-Trap Johnson,Subbing out for UC San Diego-Trap Johnson,53,65,2,11:09,False,1442,2025-11-25T00:19:22.784367
326,Subbing in for UC San Diego-Leo Beath,Subbing in for UC San Diego-Leo Beath,53,65,2,11:09,False,1442,2025-11-25T00:19:22.784369
327,Subbing in for UC San Diego-Aidan Burke,Subbing in for UC San Diego-Aidan Burke,53,65,2,11:09,False,1442,2025-11-25T00:19:22.784370
328,Subbing out for Temple-Derrian Ford,Subbing out for Temple-Derrian Ford,53,65,2,11:09,False,2011,2025-11-25T00:19:22.784372
329,Subbing in for Temple-Aiden Tobiason,Subbing in for Temple-Aiden Tobiason,53,65,2,11:09,False,2011,2025-11-25T00:19:22.784373
330,Personal Foul on UC San Diego's Aidan Burke (Aiden Tobiason draws the foul),Personal Foul on UC San Diego's Aidan Burke (Aiden Tobiason draws the foul),53,65,2,10:57,False,1442,2025-11-25T00:19:22.784374
331,Free Throw MISSED  by Temple's Aiden Tobiason,Free Throw MISSED  by Temple's Aiden Tobiason,53,65,2,10:57,False,2011,2025-11-25T00:19:22.784376
332,Defensive rebound by UC San Diego's Tom Beattie,Defensive rebound by UC San Diego's Tom Beattie,53,65,2,10:55,False,1442,2025-11-25T00:19:22.784377
333,Personal Foul on Temple's Ayuba Bryant Jr. (Bol Dengdit draws the foul),Personal Foul on Temple's Ayuba Bryant Jr. (Bol Dengdit draws the foul),53,65,2,10:45,False,2011,2025-11-25T00:19:22.784379
334,Subbing out for Temple-Ayuba Bryant Jr.,Subbing out for Temple-Ayuba Bryant Jr.,53,65,2,10:45,False,2011,2025-11-25T00:19:22.784380
335,Subbing in for Temple-Babatunde Durodola,Subbing in for Temple-Babatunde Durodola,53,65,2,10:45,False,2011,2025-11-25T00:19:22.784382
336,Layup by UC San Diego's Bol Dengdit,Layup by UC San Diego's Bol Dengdit,53,67,2,10:27,False,1442,2025-11-25T00:19:22.784383
337,Personal Foul on Temple's Babatunde Durodola (Bol Dengdit draws the foul),Personal Foul on Temple's Babatunde Durodola (Bol Dengdit draws the foul),53,67,2,10:27,False,2011,2025-11-25T00:19:22.784384
338,Free Throw MISSED  by UC San Diego's Bol Dengdit,Free Throw MISSED  by UC San Diego's Bol Dengdit,53,67,2,10:27,False,1442,2025-11-25T00:19:22.784386
339,Defensive rebound by Temple's Babatunde Durodola,Defensive rebound by Temple's Babatunde Durodola,53,67,2,10:26,False,2011,2025-11-25T00:19:22.784387
340,Layup MISSED by Temple's Aiden Tobiason,Layup MISSED by Temple's Aiden Tobiason,53,67,2,10:16,False,2011,2025-11-25T00:19:22.784388
341,Defensive rebound by UC San Diego's Tom Beattie,Defensive rebound by UC San Diego's Tom Beattie,53,67,2,10:13,False,1442,2025-11-25T00:19:22.784390
342,Slam Dunk by UC San Diego's Leo Beath,Slam Dunk by UC San Diego's Leo Beath,53,69,2,10:09,True,1442,2025-11-25T00:19:22.784391
343,Assist by UC San Diego's Tom Beattie,Assist by UC San Diego's Tom Beattie,53,69,2,10:09,False,1442,2025-11-25T00:19:22.784393
344,2 Pointer by Temple's Jordan Mason,2 Pointer by Temple's Jordan Mason,55,69,2,09:49,False,2011,2025-11-25T00:19:22.784394
345,Jumper by UC San Diego's Leo Beath,Jumper by UC San Diego's Leo Beath,55,72,2,09:29,False,1442,2025-11-25T00:19:22.784395
346,Assist by UC San Diego's Bol Dengdit,Assist by UC San Diego's Bol Dengdit,55,72,2,09:29,False,1442,2025-11-25T00:19:22.784397
347,Jumper by Temple's Masiah Gilyard,Jumper by Temple's Masiah Gilyard,58,72,2,09:06,False,2011,2025-11-25T00:19:22.784398
348,Assist by Temple's Jordan Mason,Assist by Temple's Jordan Mason,58,72,2,09:06,False,2011,2025-11-25T00:19:22.784399
349,Foul on Temple'sTemple,Foul on Temple'sTemple,58,72,2,08:48,False,2011,2025-11-25T00:19:22.784401
350,Personal Foul on Temple's Aiden Tobiason (Leo Beath draws the foul),Personal Foul on Temple's Aiden Tobiason (Leo Beath draws the foul),58,72,2,08:48,False,2011,2025-11-25T00:19:22.784402
351,Free Throw MISSED  by UC San Diego's Leo Beath,Free Throw MISSED  by UC San Diego's Leo Beath,58,72,2,08:48,False,1442,2025-11-25T00:19:22.784404
352,UC San Diego gets a rebound from a dead ball.,UC San Diego gets a rebound from a dead ball.,58,72,2,08:48,False,1442,2025-11-25T00:19:22.784405
353,Subbing out for UC San Diego-Tom Beattie,Subbing out for UC San Diego-Tom Beattie,58,72,2,08:48,False,1442,2025-11-25T00:19:22.784406
354,Subbing in for UC San Diego-Emanuel Prospere II,Subbing in for UC San Diego-Emanuel Prospere II,58,72,2,08:48,False,1442,2025-11-25T00:19:22.784408
355,Free Throw  by UC San Diego's Leo Beath,Free Throw  by UC San Diego's Leo Beath,58,73,2,08:48,False,1442,2025-11-25T00:19:22.784409
356,Layup by Temple's Babatunde Durodola,Layup by Temple's Babatunde Durodola,60,73,2,08:32,False,2011,2025-11-25T00:19:22.784411
357,Jumper by UC San Diego's Leo Beath,Jumper by UC San Diego's Leo Beath,60,75,2,08:16,False,1442,2025-11-25T00:19:22.784412
358,Assist by UC San Diego's Emanuel Prospere II,Assist by UC San Diego's Emanuel Prospere II,60,75,2,08:16,False,1442,2025-11-25T00:19:22.784414
359,Personal Foul on UC San Diego's Alex Chaikin (Aiden Tobiason draws the foul),Personal Foul on UC San Diego's Alex Chaikin (Aiden Tobiason draws the foul),60,75,2,07:58,False,1442,2025-11-25T00:19:22.784415
360,Commercial time out.,Commercial time out.,60,75,2,07:58,False,0,2025-11-25T00:19:22.784416
361,Subbing out for UC San Diego-Bol Dengdit,Subbing out for UC San Diego-Bol Dengdit,60,75,2,07:58,False,1442,2025-11-25T00:19:22.784418
362,Subbing in for UC San Diego-Cade Pendleton,Subbing in for UC San Diego-Cade Pendleton,60,75,2,07:58,False,1442,2025-11-25T00:19:22.784419
363,Subbing out for Temple-AJ Smith,Subbing out for Temple-AJ Smith,60,75,2,07:58,False,2011,2025-11-25T00:19:22.784420
364,Subbing in for Temple-Gavin Griffiths,Subbing in for Temple-Gavin Griffiths,60,75,2,07:58,False,2011,2025-11-25T00:19:22.784422
365,Free Throw  by Temple's Aiden Tobiason,Free Throw  by Temple's Aiden Tobiason,61,75,2,07:58,False,2011,2025-11-25T00:19:22.784423
366,Free Throw  by Temple's Aiden Tobiason,Free Throw  by Temple's Aiden Tobiason,62,75,2,07:58,False,2011,2025-11-25T00:19:22.784424
367,2 Pointer by UC San Diego's Leo Beath,2 Pointer by UC San Diego's Leo Beath,62,77,2,07:47,False,1442,2025-11-25T00:19:22.784426
368,Turnover by Temple 's Aiden Tobiason,Turnover by Temple 's Aiden Tobiason,62,77,2,07:28,False,2011,2025-11-25T00:19:22.784427
369,Steal by UC San Diego's Emanuel Prospere II,Steal by UC San Diego's Emanuel Prospere II,62,77,2,07:28,False,1442,2025-11-25T00:19:22.784428
370,Layup by UC San Diego's Leo Beath,Layup by UC San Diego's Leo Beath,62,79,2,07:21,False,1442,2025-11-25T00:19:22.784430
371,Assist by UC San Diego's Emanuel Prospere II,Assist by UC San Diego's Emanuel Prospere II,62,79,2,07:21,False,1442,2025-11-25T00:19:22.784431
372,Layup by Temple's Masiah Gilyard,Layup by Temple's Masiah Gilyard,64,79,2,07:01,False,2011,2025-11-25T00:19:22.784432
373,Assist by Temple's Babatunde Durodola,Assist by Temple's Babatunde Durodola,64,79,2,07:01,False,2011,2025-11-25T00:19:22.784434
374,Jumper by UC San Diego's Leo Beath,Jumper by UC San Diego's Leo Beath,64,81,2,06:41,False,1442,2025-11-25T00:19:22.784435
375,Jumper MISSED by Temple's Gavin Griffiths,Jumper MISSED by Temple's Gavin Griffiths,64,81,2,06:22,False,2011,2025-11-25T00:19:22.784437
376,Offensive rebound by Temple's Masiah Gilyard,Offensive rebound by Temple's Masiah Gilyard,64,81,2,06:19,False,2011,2025-11-25T00:19:22.784438
377,Layup MISSED by Temple's Masiah Gilyard,Layup MISSED by Temple's Masiah Gilyard,64,81,2,06:18,False,2011,2025-11-25T00:19:22.784439
378,Offensive rebound by Temple's Masiah Gilyard,Offensive rebound by Temple's Masiah Gilyard,64,81,2,06:18,False,2011,2025-11-25T00:19:22.784441
379,Personal Foul on UC San Diego's Leo Beath (Masiah Gilyard draws the foul),Personal Foul on UC San Diego's Leo Beath (Masiah Gilyard draws the foul),64,81,2,06:18,False,1442,2025-11-25T00:19:22.784442
380,Free Throw MISSED  by Temple's Masiah Gilyard,Free Throw MISSED  by Temple's Masiah Gilyard,64,81,2,06:18,False,2011,2025-11-25T00:19:22.784444
381,Temple gets a rebound from a dead ball.,Temple gets a rebound from a dead ball.,64,81,2,06:18,False,2011,2025-11-25T00:19:22.784445
382,Subbing out for UC San Diego-Leo Beath,Subbing out for UC San Diego-Leo Beath,64,81,2,06:18,False,1442,2025-11-25T00:19:22.784446
383,Subbing out for UC San Diego-Alex Chaikin,Subbing out for UC San Diego-Alex Chaikin,64,81,2,06:18,False,1442,2025-11-25T00:19:22.784448
384,Subbing in for UC San Diego-Hudson Mayes,Subbing in for UC San Diego-Hudson Mayes,64,81,2,06:18,False,1442,2025-11-25T00:19:22.784449
385,Subbing in for UC San Diego-Tom Beattie,Subbing in for UC San Diego-Tom Beattie,64,81,2,06:18,False,1442,2025-11-25T00:19:22.784450
386,Subbing out for Temple-Gavin Griffiths,Subbing out for Temple-Gavin Griffiths,64,81,2,06:18,False,2011,2025-11-25T00:19:22.784452
387,Subbing out for Temple-Babatunde Durodola,Subbing out for Temple-Babatunde Durodola,64,81,2,06:18,False,2011,2025-11-25T00:19:22.784453
388,Subbing in for Temple-Jamai Felt,Subbing in for Temple-Jamai Felt,64,81,2,06:18,False,2011,2025-11-25T00:19:22.784455
389,Subbing in for Temple-Derrian Ford,Subbing in for Temple-Derrian Ford,64,81,2,06:18,False,2011,2025-11-25T00:19:22.784456
390,Free Throw MISSED  by Temple's Masiah Gilyard,Free Throw MISSED  by Temple's Masiah Gilyard,64,81,2,06:17,False,2011,2025-11-25T00:19:22.784457
391,Defensive rebound by UC San Diego's Hudson Mayes,Defensive rebound by UC San Diego's Hudson Mayes,64,81,2,06:16,False,1442,2025-11-25T00:19:22.784458
392,Jumper MISSED by UC San Diego's Cade Pendleton,Jumper MISSED by UC San Diego's Cade Pendleton,64,81,2,06:07,False,1442,2025-11-25T00:19:22.784460
393,Defensive rebound by Temple's Masiah Gilyard,Defensive rebound by Temple's Masiah Gilyard,64,81,2,06:04,False,2011,2025-11-25T00:19:22.784461
394,Jumper MISSED by Temple's Jordan Mason,Jumper MISSED by Temple's Jordan Mason,64,81,2,05:52,False,2011,2025-11-25T00:19:22.784462
395,Defensive rebound by UC San Diego's Tom Beattie,Defensive rebound by UC San Diego's Tom Beattie,64,81,2,05:50,False,1442,2025-11-25T00:19:22.784464
396,Personal Foul on Temple's Jamai Felt (Tom Beattie draws the foul),Personal Foul on Temple's Jamai Felt (Tom Beattie draws the foul),64,81,2,05:43,False,2011,2025-11-25T00:19:22.784465
397,Free Throw MISSED  by UC San Diego's Tom Beattie,Free Throw MISSED  by UC San Diego's Tom Beattie,64,81,2,05:43,False,1442,2025-11-25T00:19:22.784466
398,UC San Diego gets a rebound from a dead ball.,UC San Diego gets a rebound from a dead ball.,64,81,2,05:43,False,1442,2025-11-25T00:19:22.784468
399,Subbing out for UC San Diego-Cade Pendleton,Subbing out for UC San Diego-Cade Pendleton,64,81,2,05:43,False,1442,2025-11-25T00:19:22.784469
400,Subbing in for UC San Diego-Bol Dengdit,Subbing in for UC San Diego-Bol Dengdit,64,81,2,05:43,False,1442,2025-11-25T00:19:22.784470
401,Free Throw MISSED  by UC San Diego's Tom Beattie,Free Throw MISSED  by UC San Diego's Tom Beattie,64,81,2,05:43,False,1442,2025-11-25T00:19:22.784472
402,Defensive rebound by Temple's Aiden Tobiason,Defensive rebound by Temple's Aiden Tobiason,64,81,2,05:42,False,2011,2025-11-25T00:19:22.784473
403,Jumper MISSED by Temple's Derrian Ford,Jumper MISSED by Temple's Derrian Ford,64,81,2,05:20,False,2011,2025-11-25T00:19:22.784474
404,Offensive rebound by Temple's Jamai Felt,Offensive rebound by Temple's Jamai Felt,64,81,2,05:18,False,2011,2025-11-25T00:19:22.784476
405,Jumper by Temple's Derrian Ford,Jumper by Temple's Derrian Ford,67,81,2,05:16,False,2011,2025-11-25T00:19:22.784477
406,Assist by Temple's Aiden Tobiason,Assist by Temple's Aiden Tobiason,67,81,2,05:16,False,2011,2025-11-25T00:19:22.784478
407,Jumper by UC San Diego's Tom Beattie,Jumper by UC San Diego's Tom Beattie,67,83,2,05:02,False,1442,2025-11-25T00:19:22.784479
408,Jumper MISSED by Temple's Derrian Ford,Jumper MISSED by Temple's Derrian Ford,67,83,2,04:53,False,2011,2025-11-25T00:19:22.784481
409,Defensive rebound by UC San Diego's Tom Beattie,Defensive rebound by UC San Diego's Tom Beattie,67,83,2,04:49,False,1442,2025-11-25T00:19:22.784482
410,Jumper MISSED by UC San Diego's Bol Dengdit,Jumper MISSED by UC San Diego's Bol Dengdit,67,83,2,04:28,False,1442,2025-11-25T00:19:22.784484
411,Defensive rebound by Temple's Jamai Felt,Defensive rebound by Temple's Jamai Felt,67,83,2,04:25,False,2011,2025-11-25T00:19:22.784485
412,Turnover by Temple 's Aiden Tobiason,Turnover by Temple 's Aiden Tobiason,67,83,2,04:08,False,2011,2025-11-25T00:19:22.784486
413,Steal by UC San Diego's Aidan Burke,Steal by UC San Diego's Aidan Burke,67,83,2,04:08,False,1442,2025-11-25T00:19:22.784487
414,Personal Foul on Temple's Jamai Felt (Bol Dengdit draws the foul),Personal Foul on Temple's Jamai Felt (Bol Dengdit draws the foul),67,83,2,04:02,False,2011,2025-11-25T00:19:22.784489
415,Free Throw MISSED  by UC San Diego's Bol Dengdit,Free Throw MISSED  by UC San Diego's Bol Dengdit,67,83,2,04:02,False,1442,2025-11-25T00:19:22.784490
416,UC San Diego gets a rebound from a dead ball.,UC San Diego gets a rebound from a dead ball.,67,83,2,04:02,False,1442,2025-11-25T00:19:22.784492
417,Subbing out for UC San Diego-Emanuel Prospere II,Subbing out for UC San Diego-Emanuel Prospere II,67,83,2,04:02,False,1442,2025-11-25T00:19:22.784493
418,Subbing out for UC San Diego-Aidan Burke,Subbing out for UC San Diego-Aidan Burke,67,83,2,04:02,False,1442,2025-11-25T00:19:22.784494
419,Subbing in for UC San Diego-Alex Chaikin,Subbing in for UC San Diego-Alex Chaikin,67,83,2,04:02,False,1442,2025-11-25T00:19:22.784496
420,Subbing in for UC San Diego-Trap Johnson,Subbing in for UC San Diego-Trap Johnson,67,83,2,04:02,False,1442,2025-11-25T00:19:22.784497
421,Subbing out for Temple-Jamai Felt,Subbing out for Temple-Jamai Felt,67,83,2,04:02,False,2011,2025-11-25T00:19:22.784499
422,Subbing out for Temple-Aiden Tobiason,Subbing out for Temple-Aiden Tobiason,67,83,2,04:02,False,2011,2025-11-25T00:19:22.784500
423,Subbing in for Temple-Ayuba Bryant Jr.,Subbing in for Temple-Ayuba Bryant Jr.,67,83,2,04:02,False,2011,2025-11-25T00:19:22.784501
424,Subbing in for Temple-Cam Wallace,Subbing in for Temple-Cam Wallace,67,83,2,04:02,False,2011,2025-11-25T00:19:22.784503
425,Free Throw  by UC San Diego's Bol Dengdit,Free Throw  by UC San Diego's Bol Dengdit,67,84,2,04:02,False,1442,2025-11-25T00:19:22.784504
426,Personal Foul on UC San Diego's Hudson Mayes (Jordan Mason draws the foul),Personal Foul on UC San Diego's Hudson Mayes (Jordan Mason draws the foul),67,84,2,03:53,False,1442,2025-11-25T00:19:22.784505
427,Commercial time out.,Commercial time out.,67,84,2,03:53,False,0,2025-11-25T00:19:22.784507
428,Subbing out for UC San Diego-Hudson Mayes,Subbing out for UC San Diego-Hudson Mayes,67,84,2,03:53,False,1442,2025-11-25T00:19:22.784508
429,Subbing in for UC San Diego-Emanuel Prospere II,Subbing in for UC San Diego-Emanuel Prospere II,67,84,2,03:53,False,1442,2025-11-25T00:19:22.784510
430,Free Throw  by Temple's Jordan Mason,Free Throw  by Temple's Jordan Mason,68,84,2,03:53,False,2011,2025-11-25T00:19:22.784511
431,Free Throw  by Temple's Jordan Mason,Free Throw  by Temple's Jordan Mason,69,84,2,03:53,False,2011,2025-11-25T00:19:22.784512
432,Jumper by UC San Diego's Emanuel Prospere II,Jumper by UC San Diego's Emanuel Prospere II,69,86,2,03:35,False,1442,2025-11-25T00:19:22.784514
433,Jumper MISSED by Temple's Cam Wallace,Jumper MISSED by Temple's Cam Wallace,69,86,2,03:18,False,2011,2025-11-25T00:19:22.784515
434,Defensive rebound by UC San Diego's Emanuel Prospere II,Defensive rebound by UC San Diego's Emanuel Prospere II,69,86,2,03:14,False,1442,2025-11-25T00:19:22.784516
435,Jumper MISSED by UC San Diego's Trap Johnson,Jumper MISSED by UC San Diego's Trap Johnson,69,86,2,03:06,False,1442,2025-11-25T00:19:22.784518
436,Defensive rebound by Temple's Cam Wallace,Defensive rebound by Temple's Cam Wallace,69,86,2,02:59,False,2011,2025-11-25T00:19:22.784519
437,Personal Foul on UC San Diego's Trap Johnson (Cam Wallace draws the foul),Personal Foul on UC San Diego's Trap Johnson (Cam Wallace draws the foul),69,86,2,02:56,False,1442,2025-11-25T00:19:22.784521
438,Free Throw  by Temple's Cam Wallace,Free Throw  by Temple's Cam Wallace,70,86,2,02:56,False,2011,2025-11-25T00:19:22.784522
439,Subbing out for UC San Diego-Trap Johnson,Subbing out for UC San Diego-Trap Johnson,70,86,2,02:56,False,1442,2025-11-25T00:19:22.784523
440,Subbing in for UC San Diego-Leo Beath,Subbing in for UC San Diego-Leo Beath,70,86,2,02:56,False,1442,2025-11-25T00:19:22.784525
441,Subbing out for Temple-Derrian Ford,Subbing out for Temple-Derrian Ford,70,86,2,02:56,False,2011,2025-11-25T00:19:22.784526
442,Subbing in for Temple-AJ Smith,Subbing in for Temple-AJ Smith,70,86,2,02:56,False,2011,2025-11-25T00:19:22.784528
443,Free Throw  by Temple's Cam Wallace,Free Throw  by Temple's Cam Wallace,71,86,2,02:56,False,2011,2025-11-25T00:19:22.784529
444,Jumper MISSED by UC San Diego's Leo Beath,Jumper MISSED by UC San Diego's Leo Beath,71,86,2,02:32,False,1442,2025-11-25T00:19:22.784531
445,Offensive rebound by UC San Diego's UC San Diego,Offensive rebound by UC San Diego's UC San Diego,71,86,2,02:31,False,1442,2025-11-25T00:19:22.784532
446,Temple takes a [short] time out.,Temple takes a [short] time out.,71,86,2,02:31,False,2011,2025-11-25T00:19:22.784534
447,Personal Foul on Temple's Ayuba Bryant Jr. (Bol Dengdit draws the foul),Personal Foul on Temple's Ayuba Bryant Jr. (Bol Dengdit draws the foul),71,86,2,02:15,False,2011,2025-11-25T00:19:22.784535
448,Free Throw  by UC San Diego's Bol Dengdit,Free Throw  by UC San Diego's Bol Dengdit,71,87,2,02:15,False,1442,2025-11-25T00:19:22.784537
449,Subbing out for Temple-Jordan Mason,Subbing out for Temple-Jordan Mason,71,87,2,02:15,False,2011,2025-11-25T00:19:22.784538
450,Subbing in for Temple-Spencer Mahoney,Subbing in for Temple-Spencer Mahoney,71,87,2,02:15,False,2011,2025-11-25T00:19:22.784540
451,Free Throw MISSED  by UC San Diego's Bol Dengdit,Free Throw MISSED  by UC San Diego's Bol Dengdit,71,87,2,02:15,False,1442,2025-11-25T00:19:22.784541
452,Defensive rebound by Temple's Masiah Gilyard,Defensive rebound by Temple's Masiah Gilyard,71,87,2,02:13,False,2011,2025-11-25T00:19:22.784542
453,Turnover by Temple 's Masiah Gilyard,Turnover by Temple 's Masiah Gilyard,71,87,2,02:02,False,2011,2025-11-25T00:19:22.784544
454,Steal by UC San Diego's Bol Dengdit,Steal by UC San Diego's Bol Dengdit,71,87,2,02:02,False,1442,2025-11-25T00:19:22.784545
455,Jumper by UC San Diego's Alex Chaikin,Jumper by UC San Diego's Alex Chaikin,71,90,2,01:46,False,1442,2025-11-25T00:19:22.784547
456,Assist by UC San Diego's Bol Dengdit,Assist by UC San Diego's Bol Dengdit,71,90,2,01:46,False,1442,2025-11-25T00:19:22.784548
457,Layup by Temple's Ayuba Bryant Jr.,Layup by Temple's Ayuba Bryant Jr.,73,90,2,01:23,False,2011,2025-11-25T00:19:22.784549
458,Assist by Temple's AJ Smith,Assist by Temple's AJ Smith,73,90,2,01:23,False,2011,2025-11-25T00:19:22.784551
459,Turnover by UC San Diego 's Tom Beattie,Turnover by UC San Diego 's Tom Beattie,73,90,2,01:12,False,1442,2025-11-25T00:19:22.784553
460,Steal by Temple's Spencer Mahoney,Steal by Temple's Spencer Mahoney,73,90,2,01:12,False,2011,2025-11-25T00:19:22.784554
461,Layup MISSED by Temple's AJ Smith,Layup MISSED by Temple's AJ Smith,73,90,2,01:08,False,2011,2025-11-25T00:19:22.784555
462,Block by UC San Diego's Leo Beath,Block by UC San Diego's Leo Beath,73,90,2,01:08,False,1442,2025-11-25T00:19:22.784557
463,Offensive rebound by Temple's Temple,Offensive rebound by Temple's Temple,73,90,2,01:08,False,2011,2025-11-25T00:19:22.784558
464,Subbing out for UC San Diego-Emanuel Prospere II,Subbing out for UC San Diego-Emanuel Prospere II,73,90,2,01:08,False,1442,2025-11-25T00:19:22.784559
465,Subbing out for UC San Diego-Bol Dengdit,Subbing out for UC San Diego-Bol Dengdit,73,90,2,01:08,False,1442,2025-11-25T00:19:22.784561
466,Subbing out for UC San Diego-Tom Beattie,Subbing out for UC San Diego-Tom Beattie,73,90,2,01:08,False,1442,2025-11-25T00:19:22.784562
467,Subbing out for UC San Diego-Alex Chaikin,Subbing out for UC San Diego-Alex Chaikin,73,90,2,01:08,False,1442,2025-11-25T00:19:22.784563
468,Subbing in for UC San Diego-Hudson Mayes,Subbing in for UC San Diego-Hudson Mayes,73,90,2,01:08,False,1442,2025-11-25T00:19:22.784565
469,Subbing in for UC San Diego-Ryder Elisaldez,Subbing in for UC San Diego-Ryder Elisaldez,73,90,2,01:08,False,1442,2025-11-25T00:19:22.784566
470,Subbing in for UC San Diego-Cade Pendleton,Subbing in for UC San Diego-Cade Pendleton,73,90,2,01:08,False,1442,2025-11-25T00:19:22.784568
471,Subbing in for UC San Diego-Jaden Vance,Subbing in for UC San Diego-Jaden Vance,73,90,2,01:08,False,1442,2025-11-25T00:19:22.784569
472,Personal Foul on UC San Diego's Hudson Mayes (AJ Smith draws the foul),Personal Foul on UC San Diego's Hudson Mayes (AJ Smith draws the foul),73,90,2,00:59,False,1442,2025-11-25T00:19:22.784570
473,Free Throw  by Temple's AJ Smith,Free Throw  by Temple's AJ Smith,74,90,2,00:59,False,2011,2025-11-25T00:19:22.784572
474,Free Throw  by Temple's AJ Smith,Free Throw  by Temple's AJ Smith,75,90,2,00:59,False,2011,2025-11-25T00:19:22.784573
475,Subbing out for UC San Diego-Leo Beath,Subbing out for UC San Diego-Leo Beath,75,90,2,00:59,False,1442,2025-11-25T00:19:22.784575
476,Subbing in for UC San Diego-Trap Johnson,Subbing in for UC San Diego-Trap Johnson,75,90,2,00:59,False,1442,2025-11-25T00:19:22.784576
477,Personal Foul on Temple's Cam Wallace (Hudson Mayes draws the foul),Personal Foul on Temple's Cam Wallace (Hudson Mayes draws the foul),75,90,2,00:33,False,2011,2025-11-25T00:19:22.784577
478,Free Throw  by UC San Diego's Hudson Mayes,Free Throw  by UC San Diego's Hudson Mayes,75,91,2,00:33,False,1442,2025-11-25T00:19:22.784579
479,Free Throw MISSED  by UC San Diego's Hudson Mayes,Free Throw MISSED  by UC San Diego's Hudson Mayes,75,91,2,00:33,False,1442,2025-11-25T00:19:22.784580
480,Defensive rebound by Temple's Ayuba Bryant Jr.,Defensive rebound by Temple's Ayuba Bryant Jr.,75,91,2,00:33,False,2011,2025-11-25T00:19:22.784582
481,Personal Foul on UC San Diego's Hudson Mayes (Masiah Gilyard draws the foul),Personal Foul on UC San Diego's Hudson Mayes (Masiah Gilyard draws the foul),75,91,2,00:23,False,1442,2025-11-25T00:19:22.784583
482,Free Throw  by Temple's Masiah Gilyard,Free Throw  by Temple's Masiah Gilyard,76,91,2,00:23,False,2011,2025-11-25T00:19:22.784585
483,Free Throw MISSED  by Temple's Masiah Gilyard,Free Throw MISSED  by Temple's Masiah Gilyard,76,91,2,00:23,False,2011,2025-11-25T00:19:22.784586
484,Offensive rebound by Temple's Temple,Offensive rebound by Temple's Temple,76,91,2,00:23,False,2011,2025-11-25T00:19:22.784587
485,Subbing out for Temple-Masiah Gilyard,Subbing out for Temple-Masiah Gilyard,76,91,2,00:23,False,2011,2025-11-25T00:19:22.784589
486,Subbing in for Temple-Connor Gal,Subbing in for Temple-Connor Gal,76,91,2,00:23,False,2011,2025-11-25T00:19:22.784590
487,Layup MISSED by Temple's AJ Smith,Layup MISSED by Temple's AJ Smith,76,91,2,00:15,False,2011,2025-11-25T00:19:22.784591
488,Defensive rebound by UC San Diego's Cade Pendleton,Defensive rebound by UC San Diego's Cade Pendleton,76,91,2,00:12,False,1442,2025-11-25T00:19:22.784593
489,End of 2nd Half.,End of 2nd Half.,76,91,2,00:00,False,2011,2025-11-25T00:19:22.784594
